<?xml version="1.0" encoding="UTF-8"?>
<gpx xmlns="http://www.topografix.com/GPX/1/1" xmlns:xsi="http://www.w3.org/2001/XMLSchema-instance" version="1.1" creator="Trace de Trail" xsi:schemaLocation="http://www.topografix.com/GPX/1/1 http://www.topografix.com/GPX/1/1/gpx.xsd">
  <metadata>
    <name>Luchon Aneto Trail 2024 - 40 OO Pyrenees</name>
    <desc>Parcours créé sur Trace de Trail</desc>
    <link href="https://tracedetrail.fr/fr/trace/239544">
      <text>Cartographie du parcours</text>
    </link>
    <time>2024-05-05T07:24:33+00:00</time>
  </metadata>
  <trk>
    <src>Trace de Trail</src>
    <trkseg>
      <trkpt lat="42.78854" lon="0.59636">
        <ele>626</ele>
        <time>2024-05-05T07:24:33+00:00</time>
      </trkpt>
      <trkpt lat="42.78845" lon="0.59588">
        <ele>626</ele>
        <time>2024-05-05T07:24:36+00:00</time>
      </trkpt>
      <trkpt lat="42.78897" lon="0.59521">
        <ele>626</ele>
        <time>2024-05-05T07:24:39+00:00</time>
      </trkpt>
      <trkpt lat="42.78895" lon="0.59482">
        <ele>626</ele>
        <time>2024-05-05T07:24:42+00:00</time>
      </trkpt>
      <trkpt lat="42.78915" lon="0.59484">
        <ele>626</ele>
        <time>2024-05-05T07:24:45+00:00</time>
      </trkpt>
      <trkpt lat="42.78911" lon="0.59447">
        <ele>626</ele>
        <time>2024-05-05T07:24:48+00:00</time>
      </trkpt>
      <trkpt lat="42.78905" lon="0.594">
        <ele>626</ele>
        <time>2024-05-05T07:24:51+00:00</time>
      </trkpt>
      <trkpt lat="42.789" lon="0.59366">
        <ele>626</ele>
        <time>2024-05-05T07:24:54+00:00</time>
      </trkpt>
      <trkpt lat="42.78896" lon="0.59329">
        <ele>626</ele>
        <time>2024-05-05T07:24:57+00:00</time>
      </trkpt>
      <trkpt lat="42.78889" lon="0.59293">
        <ele>626</ele>
        <time>2024-05-05T07:25:00+00:00</time>
      </trkpt>
      <trkpt lat="42.78885" lon="0.59251">
        <ele>627</ele>
        <time>2024-05-05T07:25:03+00:00</time>
      </trkpt>
      <trkpt lat="42.78855" lon="0.59251">
        <ele>627</ele>
        <time>2024-05-05T07:25:06+00:00</time>
      </trkpt>
      <trkpt lat="42.78816" lon="0.59176">
        <ele>630</ele>
        <time>2024-05-05T07:25:09+00:00</time>
      </trkpt>
      <trkpt lat="42.78802" lon="0.59135">
        <ele>633</ele>
        <time>2024-05-05T07:25:12+00:00</time>
      </trkpt>
      <trkpt lat="42.78781" lon="0.5912">
        <ele>635</ele>
        <time>2024-05-05T07:25:15+00:00</time>
      </trkpt>
      <trkpt lat="42.7876" lon="0.59126">
        <ele>637</ele>
        <time>2024-05-05T07:25:18+00:00</time>
      </trkpt>
      <trkpt lat="42.78741" lon="0.59145">
        <ele>640</ele>
        <time>2024-05-05T07:25:21+00:00</time>
      </trkpt>
      <trkpt lat="42.78736" lon="0.59128">
        <ele>647</ele>
        <time>2024-05-05T07:25:24+00:00</time>
      </trkpt>
      <trkpt lat="42.78726" lon="0.59105">
        <ele>651</ele>
        <time>2024-05-05T07:25:27+00:00</time>
      </trkpt>
      <trkpt lat="42.78697" lon="0.59099">
        <ele>660</ele>
        <time>2024-05-05T07:25:30+00:00</time>
      </trkpt>
      <trkpt lat="42.78665" lon="0.59089">
        <ele>670</ele>
        <time>2024-05-05T07:25:33+00:00</time>
      </trkpt>
      <trkpt lat="42.78642" lon="0.59089">
        <ele>675</ele>
        <time>2024-05-05T07:25:36+00:00</time>
      </trkpt>
      <trkpt lat="42.78619" lon="0.59088">
        <ele>683</ele>
        <time>2024-05-05T07:25:39+00:00</time>
      </trkpt>
      <trkpt lat="42.78595" lon="0.59088">
        <ele>688</ele>
        <time>2024-05-05T07:25:42+00:00</time>
      </trkpt>
      <trkpt lat="42.78568" lon="0.59097">
        <ele>693</ele>
        <time>2024-05-05T07:25:45+00:00</time>
      </trkpt>
      <trkpt lat="42.78568" lon="0.5906">
        <ele>700</ele>
        <time>2024-05-05T07:25:48+00:00</time>
      </trkpt>
      <trkpt lat="42.78575" lon="0.5902">
        <ele>704</ele>
        <time>2024-05-05T07:25:51+00:00</time>
      </trkpt>
      <trkpt lat="42.78568" lon="0.58994">
        <ele>707</ele>
        <time>2024-05-05T07:25:54+00:00</time>
      </trkpt>
      <trkpt lat="42.78588" lon="0.58991">
        <ele>707</ele>
        <time>2024-05-05T07:25:57+00:00</time>
      </trkpt>
      <trkpt lat="42.78611" lon="0.58992">
        <ele>708</ele>
        <time>2024-05-05T07:26:00+00:00</time>
      </trkpt>
      <trkpt lat="42.78639" lon="0.58988">
        <ele>706</ele>
        <time>2024-05-05T07:26:03+00:00</time>
      </trkpt>
      <trkpt lat="42.78665" lon="0.58964">
        <ele>708</ele>
        <time>2024-05-05T07:26:06+00:00</time>
      </trkpt>
      <trkpt lat="42.78683" lon="0.58938">
        <ele>711</ele>
        <time>2024-05-05T07:26:09+00:00</time>
      </trkpt>
      <trkpt lat="42.78702" lon="0.5891">
        <ele>711</ele>
        <time>2024-05-05T07:26:12+00:00</time>
      </trkpt>
      <trkpt lat="42.78722" lon="0.58891">
        <ele>710</ele>
        <time>2024-05-05T07:26:15+00:00</time>
      </trkpt>
      <trkpt lat="42.7874" lon="0.58868">
        <ele>709</ele>
        <time>2024-05-05T07:26:18+00:00</time>
      </trkpt>
      <trkpt lat="42.78766" lon="0.58838">
        <ele>708</ele>
        <time>2024-05-05T07:26:21+00:00</time>
      </trkpt>
      <trkpt lat="42.78786" lon="0.58818">
        <ele>708</ele>
        <time>2024-05-05T07:26:24+00:00</time>
      </trkpt>
      <trkpt lat="42.78804" lon="0.58801">
        <ele>708</ele>
        <time>2024-05-05T07:26:27+00:00</time>
      </trkpt>
      <trkpt lat="42.78838" lon="0.58777">
        <ele>708</ele>
        <time>2024-05-05T07:26:30+00:00</time>
      </trkpt>
      <trkpt lat="42.78854" lon="0.58755">
        <ele>704</ele>
        <time>2024-05-05T07:26:33+00:00</time>
      </trkpt>
      <trkpt lat="42.78873" lon="0.58733">
        <ele>700</ele>
        <time>2024-05-05T07:26:36+00:00</time>
      </trkpt>
      <trkpt lat="42.78892" lon="0.58721">
        <ele>698</ele>
        <time>2024-05-05T07:26:39+00:00</time>
      </trkpt>
      <trkpt lat="42.78907" lon="0.58706">
        <ele>696</ele>
        <time>2024-05-05T07:26:42+00:00</time>
      </trkpt>
      <trkpt lat="42.78934" lon="0.58689">
        <ele>689</ele>
        <time>2024-05-05T07:26:45+00:00</time>
      </trkpt>
      <trkpt lat="42.78959" lon="0.58687">
        <ele>679</ele>
        <time>2024-05-05T07:26:48+00:00</time>
      </trkpt>
      <trkpt lat="42.79006" lon="0.58668">
        <ele>667</ele>
        <time>2024-05-05T07:26:51+00:00</time>
      </trkpt>
      <trkpt lat="42.79039" lon="0.58654">
        <ele>664</ele>
        <time>2024-05-05T07:26:54+00:00</time>
      </trkpt>
      <trkpt lat="42.79078" lon="0.58661">
        <ele>657</ele>
        <time>2024-05-05T07:26:57+00:00</time>
      </trkpt>
      <trkpt lat="42.791" lon="0.58659">
        <ele>657</ele>
        <time>2024-05-05T07:27:00+00:00</time>
      </trkpt>
      <trkpt lat="42.79115" lon="0.58646">
        <ele>657</ele>
        <time>2024-05-05T07:27:03+00:00</time>
      </trkpt>
      <trkpt lat="42.79126" lon="0.58622">
        <ele>663</ele>
        <time>2024-05-05T07:27:06+00:00</time>
      </trkpt>
      <trkpt lat="42.79128" lon="0.5858">
        <ele>671</ele>
        <time>2024-05-05T07:27:09+00:00</time>
      </trkpt>
      <trkpt lat="42.79123" lon="0.58552">
        <ele>679</ele>
        <time>2024-05-05T07:27:12+00:00</time>
      </trkpt>
      <trkpt lat="42.79126" lon="0.58523">
        <ele>684</ele>
        <time>2024-05-05T07:27:15+00:00</time>
      </trkpt>
      <trkpt lat="42.79125" lon="0.58494">
        <ele>688</ele>
        <time>2024-05-05T07:27:18+00:00</time>
      </trkpt>
      <trkpt lat="42.7912" lon="0.58454">
        <ele>693</ele>
        <time>2024-05-05T07:27:21+00:00</time>
      </trkpt>
      <trkpt lat="42.79125" lon="0.58427">
        <ele>690</ele>
        <time>2024-05-05T07:27:24+00:00</time>
      </trkpt>
      <trkpt lat="42.79143" lon="0.58409">
        <ele>689</ele>
        <time>2024-05-05T07:27:27+00:00</time>
      </trkpt>
      <trkpt lat="42.79143" lon="0.58385">
        <ele>689</ele>
        <time>2024-05-05T07:27:30+00:00</time>
      </trkpt>
      <trkpt lat="42.79141" lon="0.58356">
        <ele>693</ele>
        <time>2024-05-05T07:27:33+00:00</time>
      </trkpt>
      <trkpt lat="42.79139" lon="0.58328">
        <ele>697</ele>
        <time>2024-05-05T07:27:36+00:00</time>
      </trkpt>
      <trkpt lat="42.7913" lon="0.58299">
        <ele>709</ele>
        <time>2024-05-05T07:27:39+00:00</time>
      </trkpt>
      <trkpt lat="42.79121" lon="0.58273">
        <ele>718</ele>
        <time>2024-05-05T07:27:42+00:00</time>
      </trkpt>
      <trkpt lat="42.79104" lon="0.58256">
        <ele>729</ele>
        <time>2024-05-05T07:27:45+00:00</time>
      </trkpt>
      <trkpt lat="42.79114" lon="0.5823">
        <ele>730</ele>
        <time>2024-05-05T07:27:48+00:00</time>
      </trkpt>
      <trkpt lat="42.79117" lon="0.582">
        <ele>736</ele>
        <time>2024-05-05T07:27:51+00:00</time>
      </trkpt>
      <trkpt lat="42.79118" lon="0.5818">
        <ele>736</ele>
        <time>2024-05-05T07:27:54+00:00</time>
      </trkpt>
      <trkpt lat="42.79136" lon="0.58159">
        <ele>736</ele>
        <time>2024-05-05T07:27:57+00:00</time>
      </trkpt>
      <trkpt lat="42.79142" lon="0.5813">
        <ele>735</ele>
        <time>2024-05-05T07:28:00+00:00</time>
      </trkpt>
      <trkpt lat="42.79154" lon="0.58101">
        <ele>733</ele>
        <time>2024-05-05T07:28:03+00:00</time>
      </trkpt>
      <trkpt lat="42.79156" lon="0.58072">
        <ele>740</ele>
        <time>2024-05-05T07:28:06+00:00</time>
      </trkpt>
      <trkpt lat="42.79151" lon="0.58043">
        <ele>748</ele>
        <time>2024-05-05T07:28:09+00:00</time>
      </trkpt>
      <trkpt lat="42.79128" lon="0.58028">
        <ele>772</ele>
        <time>2024-05-05T07:28:12+00:00</time>
      </trkpt>
      <trkpt lat="42.79134" lon="0.58002">
        <ele>775</ele>
        <time>2024-05-05T07:28:15+00:00</time>
      </trkpt>
      <trkpt lat="42.79114" lon="0.57965">
        <ele>798</ele>
        <time>2024-05-05T07:28:18+00:00</time>
      </trkpt>
      <trkpt lat="42.79114" lon="0.57942">
        <ele>800</ele>
        <time>2024-05-05T07:28:21+00:00</time>
      </trkpt>
      <trkpt lat="42.79115" lon="0.57912">
        <ele>798</ele>
        <time>2024-05-05T07:28:24+00:00</time>
      </trkpt>
      <trkpt lat="42.79134" lon="0.57894">
        <ele>802</ele>
        <time>2024-05-05T07:28:27+00:00</time>
      </trkpt>
      <trkpt lat="42.79139" lon="0.57865">
        <ele>807</ele>
        <time>2024-05-05T07:28:30+00:00</time>
      </trkpt>
      <trkpt lat="42.79121" lon="0.57843">
        <ele>817</ele>
        <time>2024-05-05T07:28:33+00:00</time>
      </trkpt>
      <trkpt lat="42.79112" lon="0.57815">
        <ele>825</ele>
        <time>2024-05-05T07:28:36+00:00</time>
      </trkpt>
      <trkpt lat="42.79103" lon="0.57787">
        <ele>825</ele>
        <time>2024-05-05T07:28:39+00:00</time>
      </trkpt>
      <trkpt lat="42.79098" lon="0.57762">
        <ele>829</ele>
        <time>2024-05-05T07:28:42+00:00</time>
      </trkpt>
      <trkpt lat="42.79112" lon="0.57736">
        <ele>837</ele>
        <time>2024-05-05T07:28:45+00:00</time>
      </trkpt>
      <trkpt lat="42.79091" lon="0.57728">
        <ele>844</ele>
        <time>2024-05-05T07:28:48+00:00</time>
      </trkpt>
      <trkpt lat="42.79074" lon="0.57708">
        <ele>851</ele>
        <time>2024-05-05T07:28:51+00:00</time>
      </trkpt>
      <trkpt lat="42.79059" lon="0.57682">
        <ele>859</ele>
        <time>2024-05-05T07:28:54+00:00</time>
      </trkpt>
      <trkpt lat="42.79031" lon="0.57633">
        <ele>864</ele>
        <time>2024-05-05T07:28:57+00:00</time>
      </trkpt>
      <trkpt lat="42.79016" lon="0.57611">
        <ele>872</ele>
        <time>2024-05-05T07:29:00+00:00</time>
      </trkpt>
      <trkpt lat="42.79" lon="0.57585">
        <ele>874</ele>
        <time>2024-05-05T07:29:03+00:00</time>
      </trkpt>
      <trkpt lat="42.78982" lon="0.57566">
        <ele>875</ele>
        <time>2024-05-05T07:29:06+00:00</time>
      </trkpt>
      <trkpt lat="42.78962" lon="0.57551">
        <ele>879</ele>
        <time>2024-05-05T07:29:09+00:00</time>
      </trkpt>
      <trkpt lat="42.78948" lon="0.57529">
        <ele>881</ele>
        <time>2024-05-05T07:29:12+00:00</time>
      </trkpt>
      <trkpt lat="42.7893" lon="0.57508">
        <ele>885</ele>
        <time>2024-05-05T07:29:15+00:00</time>
      </trkpt>
      <trkpt lat="42.78911" lon="0.57494">
        <ele>889</ele>
        <time>2024-05-05T07:29:18+00:00</time>
      </trkpt>
      <trkpt lat="42.78892" lon="0.57475">
        <ele>893</ele>
        <time>2024-05-05T07:29:21+00:00</time>
      </trkpt>
      <trkpt lat="42.78873" lon="0.57454">
        <ele>898</ele>
        <time>2024-05-05T07:29:24+00:00</time>
      </trkpt>
      <trkpt lat="42.78853" lon="0.57433">
        <ele>901</ele>
        <time>2024-05-05T07:29:27+00:00</time>
      </trkpt>
      <trkpt lat="42.78826" lon="0.57408">
        <ele>902</ele>
        <time>2024-05-05T07:29:30+00:00</time>
      </trkpt>
      <trkpt lat="42.78812" lon="0.57385">
        <ele>904</ele>
        <time>2024-05-05T07:29:33+00:00</time>
      </trkpt>
      <trkpt lat="42.78798" lon="0.57359">
        <ele>910</ele>
        <time>2024-05-05T07:29:36+00:00</time>
      </trkpt>
      <trkpt lat="42.78782" lon="0.57339">
        <ele>911</ele>
        <time>2024-05-05T07:29:39+00:00</time>
      </trkpt>
      <trkpt lat="42.78764" lon="0.573">
        <ele>913</ele>
        <time>2024-05-05T07:29:42+00:00</time>
      </trkpt>
      <trkpt lat="42.78759" lon="0.57268">
        <ele>913</ele>
        <time>2024-05-05T07:29:45+00:00</time>
      </trkpt>
      <trkpt lat="42.78749" lon="0.57243">
        <ele>911</ele>
        <time>2024-05-05T07:29:48+00:00</time>
      </trkpt>
      <trkpt lat="42.78749" lon="0.57211">
        <ele>909</ele>
        <time>2024-05-05T07:29:51+00:00</time>
      </trkpt>
      <trkpt lat="42.78742" lon="0.57188">
        <ele>892</ele>
        <time>2024-05-05T07:29:54+00:00</time>
      </trkpt>
      <trkpt lat="42.7876" lon="0.57173">
        <ele>888</ele>
        <time>2024-05-05T07:29:57+00:00</time>
      </trkpt>
      <trkpt lat="42.78741" lon="0.57159">
        <ele>888</ele>
        <time>2024-05-05T07:30:00+00:00</time>
      </trkpt>
      <trkpt lat="42.78726" lon="0.57133">
        <ele>889</ele>
        <time>2024-05-05T07:30:03+00:00</time>
      </trkpt>
      <trkpt lat="42.78718" lon="0.5711">
        <ele>886</ele>
        <time>2024-05-05T07:30:06+00:00</time>
      </trkpt>
      <trkpt lat="42.78705" lon="0.57066">
        <ele>883</ele>
        <time>2024-05-05T07:30:09+00:00</time>
      </trkpt>
      <trkpt lat="42.78705" lon="0.5704">
        <ele>888</ele>
        <time>2024-05-05T07:30:12+00:00</time>
      </trkpt>
      <trkpt lat="42.78689" lon="0.57009">
        <ele>888</ele>
        <time>2024-05-05T07:30:15+00:00</time>
      </trkpt>
      <trkpt lat="42.78704" lon="0.57015">
        <ele>888</ele>
        <time>2024-05-05T07:30:18+00:00</time>
      </trkpt>
      <trkpt lat="42.78722" lon="0.57036">
        <ele>880</ele>
        <time>2024-05-05T07:30:21+00:00</time>
      </trkpt>
      <trkpt lat="42.78741" lon="0.57051">
        <ele>878</ele>
        <time>2024-05-05T07:30:24+00:00</time>
      </trkpt>
      <trkpt lat="42.7876" lon="0.57068">
        <ele>877</ele>
        <time>2024-05-05T07:30:27+00:00</time>
      </trkpt>
      <trkpt lat="42.78779" lon="0.57085">
        <ele>876</ele>
        <time>2024-05-05T07:30:30+00:00</time>
      </trkpt>
      <trkpt lat="42.78803" lon="0.5709">
        <ele>876</ele>
        <time>2024-05-05T07:30:33+00:00</time>
      </trkpt>
      <trkpt lat="42.78834" lon="0.57113">
        <ele>878</ele>
        <time>2024-05-05T07:30:36+00:00</time>
      </trkpt>
      <trkpt lat="42.78856" lon="0.57118">
        <ele>880</ele>
        <time>2024-05-05T07:30:39+00:00</time>
      </trkpt>
      <trkpt lat="42.78879" lon="0.57126">
        <ele>883</ele>
        <time>2024-05-05T07:30:42+00:00</time>
      </trkpt>
      <trkpt lat="42.789" lon="0.57137">
        <ele>884</ele>
        <time>2024-05-05T07:30:45+00:00</time>
      </trkpt>
      <trkpt lat="42.78924" lon="0.5714">
        <ele>884</ele>
        <time>2024-05-05T07:30:48+00:00</time>
      </trkpt>
      <trkpt lat="42.78948" lon="0.57134">
        <ele>894</ele>
        <time>2024-05-05T07:30:51+00:00</time>
      </trkpt>
      <trkpt lat="42.7897" lon="0.57124">
        <ele>899</ele>
        <time>2024-05-05T07:30:54+00:00</time>
      </trkpt>
      <trkpt lat="42.78992" lon="0.57115">
        <ele>899</ele>
        <time>2024-05-05T07:30:57+00:00</time>
      </trkpt>
      <trkpt lat="42.79015" lon="0.57113">
        <ele>899</ele>
        <time>2024-05-05T07:31:00+00:00</time>
      </trkpt>
      <trkpt lat="42.79037" lon="0.5711">
        <ele>898</ele>
        <time>2024-05-05T07:31:03+00:00</time>
      </trkpt>
      <trkpt lat="42.7906" lon="0.57106">
        <ele>898</ele>
        <time>2024-05-05T07:31:06+00:00</time>
      </trkpt>
      <trkpt lat="42.79095" lon="0.57086">
        <ele>901</ele>
        <time>2024-05-05T07:31:09+00:00</time>
      </trkpt>
      <trkpt lat="42.79121" lon="0.57082">
        <ele>897</ele>
        <time>2024-05-05T07:31:12+00:00</time>
      </trkpt>
      <trkpt lat="42.79144" lon="0.5709">
        <ele>893</ele>
        <time>2024-05-05T07:31:15+00:00</time>
      </trkpt>
      <trkpt lat="42.79166" lon="0.57099">
        <ele>889</ele>
        <time>2024-05-05T07:31:18+00:00</time>
      </trkpt>
      <trkpt lat="42.7919" lon="0.57112">
        <ele>887</ele>
        <time>2024-05-05T07:31:21+00:00</time>
      </trkpt>
      <trkpt lat="42.79231" lon="0.57139">
        <ele>889</ele>
        <time>2024-05-05T07:31:24+00:00</time>
      </trkpt>
      <trkpt lat="42.79251" lon="0.57125">
        <ele>889</ele>
        <time>2024-05-05T07:31:27+00:00</time>
      </trkpt>
      <trkpt lat="42.79272" lon="0.5711">
        <ele>887</ele>
        <time>2024-05-05T07:31:30+00:00</time>
      </trkpt>
      <trkpt lat="42.79293" lon="0.571">
        <ele>886</ele>
        <time>2024-05-05T07:31:33+00:00</time>
      </trkpt>
      <trkpt lat="42.79319" lon="0.57067">
        <ele>879</ele>
        <time>2024-05-05T07:31:36+00:00</time>
      </trkpt>
      <trkpt lat="42.79338" lon="0.57044">
        <ele>872</ele>
        <time>2024-05-05T07:31:39+00:00</time>
      </trkpt>
      <trkpt lat="42.79357" lon="0.57021">
        <ele>864</ele>
        <time>2024-05-05T07:31:42+00:00</time>
      </trkpt>
      <trkpt lat="42.79365" lon="0.56991">
        <ele>858</ele>
        <time>2024-05-05T07:31:45+00:00</time>
      </trkpt>
      <trkpt lat="42.79366" lon="0.56957">
        <ele>853</ele>
        <time>2024-05-05T07:31:48+00:00</time>
      </trkpt>
      <trkpt lat="42.79376" lon="0.56927">
        <ele>849</ele>
        <time>2024-05-05T07:31:51+00:00</time>
      </trkpt>
      <trkpt lat="42.79396" lon="0.56904">
        <ele>844</ele>
        <time>2024-05-05T07:31:54+00:00</time>
      </trkpt>
      <trkpt lat="42.7941" lon="0.5688">
        <ele>835</ele>
        <time>2024-05-05T07:31:57+00:00</time>
      </trkpt>
      <trkpt lat="42.79428" lon="0.56841">
        <ele>834</ele>
        <time>2024-05-05T07:32:00+00:00</time>
      </trkpt>
      <trkpt lat="42.7944" lon="0.56814">
        <ele>838</ele>
        <time>2024-05-05T07:32:03+00:00</time>
      </trkpt>
      <trkpt lat="42.79453" lon="0.56788">
        <ele>842</ele>
        <time>2024-05-05T07:32:06+00:00</time>
      </trkpt>
      <trkpt lat="42.79467" lon="0.56746">
        <ele>842</ele>
        <time>2024-05-05T07:32:09+00:00</time>
      </trkpt>
      <trkpt lat="42.79474" lon="0.56713">
        <ele>839</ele>
        <time>2024-05-05T07:32:12+00:00</time>
      </trkpt>
      <trkpt lat="42.7949" lon="0.56687">
        <ele>836</ele>
        <time>2024-05-05T07:32:15+00:00</time>
      </trkpt>
      <trkpt lat="42.79503" lon="0.56659">
        <ele>836</ele>
        <time>2024-05-05T07:32:18+00:00</time>
      </trkpt>
      <trkpt lat="42.79509" lon="0.56628">
        <ele>834</ele>
        <time>2024-05-05T07:32:21+00:00</time>
      </trkpt>
      <trkpt lat="42.79518" lon="0.56598">
        <ele>832</ele>
        <time>2024-05-05T07:32:24+00:00</time>
      </trkpt>
      <trkpt lat="42.79531" lon="0.56568">
        <ele>830</ele>
        <time>2024-05-05T07:32:27+00:00</time>
      </trkpt>
      <trkpt lat="42.79556" lon="0.56535">
        <ele>835</ele>
        <time>2024-05-05T07:32:30+00:00</time>
      </trkpt>
      <trkpt lat="42.79575" lon="0.56518">
        <ele>840</ele>
        <time>2024-05-05T07:32:33+00:00</time>
      </trkpt>
      <trkpt lat="42.79607" lon="0.56493">
        <ele>840</ele>
        <time>2024-05-05T07:32:36+00:00</time>
      </trkpt>
      <trkpt lat="42.7963" lon="0.56478">
        <ele>834</ele>
        <time>2024-05-05T07:32:39+00:00</time>
      </trkpt>
      <trkpt lat="42.79656" lon="0.56447">
        <ele>833</ele>
        <time>2024-05-05T07:32:42+00:00</time>
      </trkpt>
      <trkpt lat="42.79676" lon="0.56425">
        <ele>832</ele>
        <time>2024-05-05T07:32:45+00:00</time>
      </trkpt>
      <trkpt lat="42.79696" lon="0.56412">
        <ele>832</ele>
        <time>2024-05-05T07:32:48+00:00</time>
      </trkpt>
      <trkpt lat="42.79712" lon="0.5639">
        <ele>832</ele>
        <time>2024-05-05T07:32:51+00:00</time>
      </trkpt>
      <trkpt lat="42.79739" lon="0.56395">
        <ele>826</ele>
        <time>2024-05-05T07:32:54+00:00</time>
      </trkpt>
      <trkpt lat="42.79765" lon="0.56406">
        <ele>828</ele>
        <time>2024-05-05T07:32:57+00:00</time>
      </trkpt>
      <trkpt lat="42.79787" lon="0.56413">
        <ele>830</ele>
        <time>2024-05-05T07:33:00+00:00</time>
      </trkpt>
      <trkpt lat="42.79821" lon="0.5642">
        <ele>840</ele>
        <time>2024-05-05T07:33:03+00:00</time>
      </trkpt>
      <trkpt lat="42.79843" lon="0.5642">
        <ele>842</ele>
        <time>2024-05-05T07:33:06+00:00</time>
      </trkpt>
      <trkpt lat="42.79857" lon="0.56398">
        <ele>851</ele>
        <time>2024-05-05T07:33:09+00:00</time>
      </trkpt>
      <trkpt lat="42.79879" lon="0.56363">
        <ele>858</ele>
        <time>2024-05-05T07:33:12+00:00</time>
      </trkpt>
      <trkpt lat="42.799" lon="0.56345">
        <ele>859</ele>
        <time>2024-05-05T07:33:15+00:00</time>
      </trkpt>
      <trkpt lat="42.79915" lon="0.56322">
        <ele>862</ele>
        <time>2024-05-05T07:33:18+00:00</time>
      </trkpt>
      <trkpt lat="42.79933" lon="0.56303">
        <ele>863</ele>
        <time>2024-05-05T07:33:21+00:00</time>
      </trkpt>
      <trkpt lat="42.79968" lon="0.56292">
        <ele>865</ele>
        <time>2024-05-05T07:33:24+00:00</time>
      </trkpt>
      <trkpt lat="42.79993" lon="0.56287">
        <ele>866</ele>
        <time>2024-05-05T07:33:27+00:00</time>
      </trkpt>
      <trkpt lat="42.80013" lon="0.56272">
        <ele>873</ele>
        <time>2024-05-05T07:33:30+00:00</time>
      </trkpt>
      <trkpt lat="42.80035" lon="0.56235">
        <ele>875</ele>
        <time>2024-05-05T07:33:33+00:00</time>
      </trkpt>
      <trkpt lat="42.80054" lon="0.5622">
        <ele>878</ele>
        <time>2024-05-05T07:33:36+00:00</time>
      </trkpt>
      <trkpt lat="42.80069" lon="0.56195">
        <ele>879</ele>
        <time>2024-05-05T07:33:39+00:00</time>
      </trkpt>
      <trkpt lat="42.80082" lon="0.56169">
        <ele>878</ele>
        <time>2024-05-05T07:33:42+00:00</time>
      </trkpt>
      <trkpt lat="42.80103" lon="0.5613">
        <ele>878</ele>
        <time>2024-05-05T07:33:45+00:00</time>
      </trkpt>
      <trkpt lat="42.80113" lon="0.56101">
        <ele>881</ele>
        <time>2024-05-05T07:33:48+00:00</time>
      </trkpt>
      <trkpt lat="42.80124" lon="0.56073">
        <ele>882</ele>
        <time>2024-05-05T07:33:51+00:00</time>
      </trkpt>
      <trkpt lat="42.80134" lon="0.56046">
        <ele>886</ele>
        <time>2024-05-05T07:33:54+00:00</time>
      </trkpt>
      <trkpt lat="42.80148" lon="0.56024">
        <ele>888</ele>
        <time>2024-05-05T07:33:57+00:00</time>
      </trkpt>
      <trkpt lat="42.80158" lon="0.55993">
        <ele>890</ele>
        <time>2024-05-05T07:34:00+00:00</time>
      </trkpt>
      <trkpt lat="42.80161" lon="0.55962">
        <ele>893</ele>
        <time>2024-05-05T07:34:03+00:00</time>
      </trkpt>
      <trkpt lat="42.80175" lon="0.55938">
        <ele>896</ele>
        <time>2024-05-05T07:34:06+00:00</time>
      </trkpt>
      <trkpt lat="42.8019" lon="0.55911">
        <ele>896</ele>
        <time>2024-05-05T07:34:09+00:00</time>
      </trkpt>
      <trkpt lat="42.80202" lon="0.55881">
        <ele>897</ele>
        <time>2024-05-05T07:34:12+00:00</time>
      </trkpt>
      <trkpt lat="42.80205" lon="0.55853">
        <ele>898</ele>
        <time>2024-05-05T07:34:15+00:00</time>
      </trkpt>
      <trkpt lat="42.8021" lon="0.55822">
        <ele>897</ele>
        <time>2024-05-05T07:34:18+00:00</time>
      </trkpt>
      <trkpt lat="42.80224" lon="0.55794">
        <ele>897</ele>
        <time>2024-05-05T07:34:21+00:00</time>
      </trkpt>
      <trkpt lat="42.80236" lon="0.55767">
        <ele>896</ele>
        <time>2024-05-05T07:34:24+00:00</time>
      </trkpt>
      <trkpt lat="42.80247" lon="0.5574">
        <ele>896</ele>
        <time>2024-05-05T07:34:27+00:00</time>
      </trkpt>
      <trkpt lat="42.80244" lon="0.5571">
        <ele>901</ele>
        <time>2024-05-05T07:34:30+00:00</time>
      </trkpt>
      <trkpt lat="42.80246" lon="0.55679">
        <ele>902</ele>
        <time>2024-05-05T07:34:33+00:00</time>
      </trkpt>
      <trkpt lat="42.80256" lon="0.55652">
        <ele>903</ele>
        <time>2024-05-05T07:34:36+00:00</time>
      </trkpt>
      <trkpt lat="42.80265" lon="0.55622">
        <ele>903</ele>
        <time>2024-05-05T07:34:39+00:00</time>
      </trkpt>
      <trkpt lat="42.80255" lon="0.55608">
        <ele>909</ele>
        <time>2024-05-05T07:34:42+00:00</time>
      </trkpt>
      <trkpt lat="42.80241" lon="0.55632">
        <ele>910</ele>
        <time>2024-05-05T07:34:45+00:00</time>
      </trkpt>
      <trkpt lat="42.80227" lon="0.55656">
        <ele>917</ele>
        <time>2024-05-05T07:34:48+00:00</time>
      </trkpt>
      <trkpt lat="42.80216" lon="0.55683">
        <ele>918</ele>
        <time>2024-05-05T07:34:51+00:00</time>
      </trkpt>
      <trkpt lat="42.80191" lon="0.55697">
        <ele>925</ele>
        <time>2024-05-05T07:34:54+00:00</time>
      </trkpt>
      <trkpt lat="42.80175" lon="0.55722">
        <ele>930</ele>
        <time>2024-05-05T07:34:57+00:00</time>
      </trkpt>
      <trkpt lat="42.80155" lon="0.55755">
        <ele>932</ele>
        <time>2024-05-05T07:35:00+00:00</time>
      </trkpt>
      <trkpt lat="42.80136" lon="0.55796">
        <ele>932</ele>
        <time>2024-05-05T07:35:03+00:00</time>
      </trkpt>
      <trkpt lat="42.80121" lon="0.55821">
        <ele>932</ele>
        <time>2024-05-05T07:35:06+00:00</time>
      </trkpt>
      <trkpt lat="42.80095" lon="0.55849">
        <ele>941</ele>
        <time>2024-05-05T07:35:09+00:00</time>
      </trkpt>
      <trkpt lat="42.80074" lon="0.5589">
        <ele>941</ele>
        <time>2024-05-05T07:35:12+00:00</time>
      </trkpt>
      <trkpt lat="42.8006" lon="0.55913">
        <ele>941</ele>
        <time>2024-05-05T07:35:15+00:00</time>
      </trkpt>
      <trkpt lat="42.80046" lon="0.55938">
        <ele>942</ele>
        <time>2024-05-05T07:35:18+00:00</time>
      </trkpt>
      <trkpt lat="42.80035" lon="0.55968">
        <ele>944</ele>
        <time>2024-05-05T07:35:21+00:00</time>
      </trkpt>
      <trkpt lat="42.80025" lon="0.55996">
        <ele>944</ele>
        <time>2024-05-05T07:35:24+00:00</time>
      </trkpt>
      <trkpt lat="42.79999" lon="0.56029">
        <ele>946</ele>
        <time>2024-05-05T07:35:27+00:00</time>
      </trkpt>
      <trkpt lat="42.79974" lon="0.56065">
        <ele>949</ele>
        <time>2024-05-05T07:35:30+00:00</time>
      </trkpt>
      <trkpt lat="42.79946" lon="0.56093">
        <ele>950</ele>
        <time>2024-05-05T07:35:33+00:00</time>
      </trkpt>
      <trkpt lat="42.79926" lon="0.56098">
        <ele>954</ele>
        <time>2024-05-05T07:35:36+00:00</time>
      </trkpt>
      <trkpt lat="42.79901" lon="0.56092">
        <ele>957</ele>
        <time>2024-05-05T07:35:39+00:00</time>
      </trkpt>
      <trkpt lat="42.79874" lon="0.56092">
        <ele>958</ele>
        <time>2024-05-05T07:35:42+00:00</time>
      </trkpt>
      <trkpt lat="42.79848" lon="0.56084">
        <ele>960</ele>
        <time>2024-05-05T07:35:45+00:00</time>
      </trkpt>
      <trkpt lat="42.79798" lon="0.56075">
        <ele>964</ele>
        <time>2024-05-05T07:35:48+00:00</time>
      </trkpt>
      <trkpt lat="42.79774" lon="0.56073">
        <ele>965</ele>
        <time>2024-05-05T07:35:51+00:00</time>
      </trkpt>
      <trkpt lat="42.79732" lon="0.56058">
        <ele>968</ele>
        <time>2024-05-05T07:35:54+00:00</time>
      </trkpt>
      <trkpt lat="42.79765" lon="0.5605">
        <ele>973</ele>
        <time>2024-05-05T07:35:57+00:00</time>
      </trkpt>
      <trkpt lat="42.79788" lon="0.56054">
        <ele>973</ele>
        <time>2024-05-05T07:36:00+00:00</time>
      </trkpt>
      <trkpt lat="42.79817" lon="0.56046">
        <ele>975</ele>
        <time>2024-05-05T07:36:03+00:00</time>
      </trkpt>
      <trkpt lat="42.7984" lon="0.5604">
        <ele>978</ele>
        <time>2024-05-05T07:36:06+00:00</time>
      </trkpt>
      <trkpt lat="42.79875" lon="0.56029">
        <ele>985</ele>
        <time>2024-05-05T07:36:09+00:00</time>
      </trkpt>
      <trkpt lat="42.79899" lon="0.56015">
        <ele>985</ele>
        <time>2024-05-05T07:36:12+00:00</time>
      </trkpt>
      <trkpt lat="42.79918" lon="0.55994">
        <ele>987</ele>
        <time>2024-05-05T07:36:15+00:00</time>
      </trkpt>
      <trkpt lat="42.79934" lon="0.55974">
        <ele>987</ele>
        <time>2024-05-05T07:36:18+00:00</time>
      </trkpt>
      <trkpt lat="42.79952" lon="0.55956">
        <ele>988</ele>
        <time>2024-05-05T07:36:21+00:00</time>
      </trkpt>
      <trkpt lat="42.79967" lon="0.55929">
        <ele>993</ele>
        <time>2024-05-05T07:36:24+00:00</time>
      </trkpt>
      <trkpt lat="42.79973" lon="0.55899">
        <ele>995</ele>
        <time>2024-05-05T07:36:27+00:00</time>
      </trkpt>
      <trkpt lat="42.7999" lon="0.55875">
        <ele>995</ele>
        <time>2024-05-05T07:36:30+00:00</time>
      </trkpt>
      <trkpt lat="42.80004" lon="0.55833">
        <ele>990</ele>
        <time>2024-05-05T07:36:33+00:00</time>
      </trkpt>
      <trkpt lat="42.80012" lon="0.55804">
        <ele>990</ele>
        <time>2024-05-05T07:36:36+00:00</time>
      </trkpt>
      <trkpt lat="42.80015" lon="0.55772">
        <ele>992</ele>
        <time>2024-05-05T07:36:39+00:00</time>
      </trkpt>
      <trkpt lat="42.80012" lon="0.55724">
        <ele>996</ele>
        <time>2024-05-05T07:36:42+00:00</time>
      </trkpt>
      <trkpt lat="42.80008" lon="0.55691">
        <ele>1002</ele>
        <time>2024-05-05T07:36:45+00:00</time>
      </trkpt>
      <trkpt lat="42.80008" lon="0.55644">
        <ele>1004</ele>
        <time>2024-05-05T07:36:48+00:00</time>
      </trkpt>
      <trkpt lat="42.80014" lon="0.55614">
        <ele>1006</ele>
        <time>2024-05-05T07:36:51+00:00</time>
      </trkpt>
      <trkpt lat="42.80018" lon="0.55583">
        <ele>1006</ele>
        <time>2024-05-05T07:36:54+00:00</time>
      </trkpt>
      <trkpt lat="42.80022" lon="0.55552">
        <ele>1006</ele>
        <time>2024-05-05T07:36:57+00:00</time>
      </trkpt>
      <trkpt lat="42.80021" lon="0.5552">
        <ele>1008</ele>
        <time>2024-05-05T07:37:00+00:00</time>
      </trkpt>
      <trkpt lat="42.80017" lon="0.55489">
        <ele>1013</ele>
        <time>2024-05-05T07:37:03+00:00</time>
      </trkpt>
      <trkpt lat="42.8001" lon="0.55457">
        <ele>1014</ele>
        <time>2024-05-05T07:37:06+00:00</time>
      </trkpt>
      <trkpt lat="42.80011" lon="0.55426">
        <ele>1016</ele>
        <time>2024-05-05T07:37:09+00:00</time>
      </trkpt>
      <trkpt lat="42.80017" lon="0.55395">
        <ele>1015</ele>
        <time>2024-05-05T07:37:12+00:00</time>
      </trkpt>
      <trkpt lat="42.80024" lon="0.55366">
        <ele>1015</ele>
        <time>2024-05-05T07:37:15+00:00</time>
      </trkpt>
      <trkpt lat="42.80022" lon="0.55335">
        <ele>1015</ele>
        <time>2024-05-05T07:37:18+00:00</time>
      </trkpt>
      <trkpt lat="42.80025" lon="0.5529">
        <ele>1015</ele>
        <time>2024-05-05T07:37:21+00:00</time>
      </trkpt>
      <trkpt lat="42.80029" lon="0.55257">
        <ele>1014</ele>
        <time>2024-05-05T07:37:24+00:00</time>
      </trkpt>
      <trkpt lat="42.80043" lon="0.55198">
        <ele>1014</ele>
        <time>2024-05-05T07:37:27+00:00</time>
      </trkpt>
      <trkpt lat="42.80056" lon="0.55166">
        <ele>1012</ele>
        <time>2024-05-05T07:37:30+00:00</time>
      </trkpt>
      <trkpt lat="42.80067" lon="0.5514">
        <ele>1008</ele>
        <time>2024-05-05T07:37:33+00:00</time>
      </trkpt>
      <trkpt lat="42.8008" lon="0.55113">
        <ele>1005</ele>
        <time>2024-05-05T07:37:36+00:00</time>
      </trkpt>
      <trkpt lat="42.80089" lon="0.55082">
        <ele>1005</ele>
        <time>2024-05-05T07:37:39+00:00</time>
      </trkpt>
      <trkpt lat="42.80087" lon="0.55047">
        <ele>1005</ele>
        <time>2024-05-05T07:37:42+00:00</time>
      </trkpt>
      <trkpt lat="42.80091" lon="0.55014">
        <ele>1003</ele>
        <time>2024-05-05T07:37:45+00:00</time>
      </trkpt>
      <trkpt lat="42.80093" lon="0.54984">
        <ele>1001</ele>
        <time>2024-05-05T07:37:48+00:00</time>
      </trkpt>
      <trkpt lat="42.80091" lon="0.54953">
        <ele>1001</ele>
        <time>2024-05-05T07:37:51+00:00</time>
      </trkpt>
      <trkpt lat="42.80094" lon="0.54921">
        <ele>1001</ele>
        <time>2024-05-05T07:37:54+00:00</time>
      </trkpt>
      <trkpt lat="42.80091" lon="0.5489">
        <ele>1002</ele>
        <time>2024-05-05T07:37:57+00:00</time>
      </trkpt>
      <trkpt lat="42.80085" lon="0.54859">
        <ele>1004</ele>
        <time>2024-05-05T07:38:00+00:00</time>
      </trkpt>
      <trkpt lat="42.80071" lon="0.54831">
        <ele>1007</ele>
        <time>2024-05-05T07:38:03+00:00</time>
      </trkpt>
      <trkpt lat="42.80049" lon="0.54791">
        <ele>1019</ele>
        <time>2024-05-05T07:38:06+00:00</time>
      </trkpt>
      <trkpt lat="42.80034" lon="0.54763">
        <ele>1018</ele>
        <time>2024-05-05T07:38:09+00:00</time>
      </trkpt>
      <trkpt lat="42.80036" lon="0.54713">
        <ele>1018</ele>
        <time>2024-05-05T07:38:12+00:00</time>
      </trkpt>
      <trkpt lat="42.80022" lon="0.54676">
        <ele>1023</ele>
        <time>2024-05-05T07:38:15+00:00</time>
      </trkpt>
      <trkpt lat="42.79977" lon="0.54652">
        <ele>1029</ele>
        <time>2024-05-05T07:38:18+00:00</time>
      </trkpt>
      <trkpt lat="42.79956" lon="0.54655">
        <ele>1034</ele>
        <time>2024-05-05T07:38:21+00:00</time>
      </trkpt>
      <trkpt lat="42.79933" lon="0.54651">
        <ele>1039</ele>
        <time>2024-05-05T07:38:24+00:00</time>
      </trkpt>
      <trkpt lat="42.79913" lon="0.54638">
        <ele>1039</ele>
        <time>2024-05-05T07:38:27+00:00</time>
      </trkpt>
      <trkpt lat="42.79914" lon="0.54613">
        <ele>1037</ele>
        <time>2024-05-05T07:38:30+00:00</time>
      </trkpt>
      <trkpt lat="42.79933" lon="0.54593">
        <ele>1033</ele>
        <time>2024-05-05T07:38:33+00:00</time>
      </trkpt>
      <trkpt lat="42.79948" lon="0.54567">
        <ele>1033</ele>
        <time>2024-05-05T07:38:36+00:00</time>
      </trkpt>
      <trkpt lat="42.79963" lon="0.54541">
        <ele>1031</ele>
        <time>2024-05-05T07:38:39+00:00</time>
      </trkpt>
      <trkpt lat="42.79987" lon="0.54504">
        <ele>1026</ele>
        <time>2024-05-05T07:38:42+00:00</time>
      </trkpt>
      <trkpt lat="42.79994" lon="0.54459">
        <ele>1026</ele>
        <time>2024-05-05T07:38:45+00:00</time>
      </trkpt>
      <trkpt lat="42.79997" lon="0.54429">
        <ele>1026</ele>
        <time>2024-05-05T07:38:48+00:00</time>
      </trkpt>
      <trkpt lat="42.79989" lon="0.54399">
        <ele>1026</ele>
        <time>2024-05-05T07:38:51+00:00</time>
      </trkpt>
      <trkpt lat="42.79991" lon="0.54368">
        <ele>1027</ele>
        <time>2024-05-05T07:38:54+00:00</time>
      </trkpt>
      <trkpt lat="42.79998" lon="0.54336">
        <ele>1027</ele>
        <time>2024-05-05T07:38:57+00:00</time>
      </trkpt>
      <trkpt lat="42.79997" lon="0.54305">
        <ele>1026</ele>
        <time>2024-05-05T07:39:00+00:00</time>
      </trkpt>
      <trkpt lat="42.79994" lon="0.54275">
        <ele>1027</ele>
        <time>2024-05-05T07:39:03+00:00</time>
      </trkpt>
      <trkpt lat="42.79989" lon="0.54246">
        <ele>1028</ele>
        <time>2024-05-05T07:39:06+00:00</time>
      </trkpt>
      <trkpt lat="42.7999" lon="0.54209">
        <ele>1029</ele>
        <time>2024-05-05T07:39:09+00:00</time>
      </trkpt>
      <trkpt lat="42.79969" lon="0.54146">
        <ele>1042</ele>
        <time>2024-05-05T07:39:12+00:00</time>
      </trkpt>
      <trkpt lat="42.79956" lon="0.54122">
        <ele>1045</ele>
        <time>2024-05-05T07:39:15+00:00</time>
      </trkpt>
      <trkpt lat="42.79944" lon="0.54095">
        <ele>1047</ele>
        <time>2024-05-05T07:39:18+00:00</time>
      </trkpt>
      <trkpt lat="42.79933" lon="0.54068">
        <ele>1050</ele>
        <time>2024-05-05T07:39:21+00:00</time>
      </trkpt>
      <trkpt lat="42.79923" lon="0.54039">
        <ele>1048</ele>
        <time>2024-05-05T07:39:24+00:00</time>
      </trkpt>
      <trkpt lat="42.79931" lon="0.54009">
        <ele>1047</ele>
        <time>2024-05-05T07:39:27+00:00</time>
      </trkpt>
      <trkpt lat="42.79935" lon="0.53979">
        <ele>1046</ele>
        <time>2024-05-05T07:39:30+00:00</time>
      </trkpt>
      <trkpt lat="42.79942" lon="0.53948">
        <ele>1040</ele>
        <time>2024-05-05T07:39:33+00:00</time>
      </trkpt>
      <trkpt lat="42.79948" lon="0.53916">
        <ele>1040</ele>
        <time>2024-05-05T07:39:36+00:00</time>
      </trkpt>
      <trkpt lat="42.79963" lon="0.53889">
        <ele>1032</ele>
        <time>2024-05-05T07:39:39+00:00</time>
      </trkpt>
      <trkpt lat="42.79976" lon="0.53862">
        <ele>1026</ele>
        <time>2024-05-05T07:39:42+00:00</time>
      </trkpt>
      <trkpt lat="42.7998" lon="0.53832">
        <ele>1022</ele>
        <time>2024-05-05T07:39:45+00:00</time>
      </trkpt>
      <trkpt lat="42.79982" lon="0.53796">
        <ele>1021</ele>
        <time>2024-05-05T07:39:48+00:00</time>
      </trkpt>
      <trkpt lat="42.79984" lon="0.53766">
        <ele>1020</ele>
        <time>2024-05-05T07:39:51+00:00</time>
      </trkpt>
      <trkpt lat="42.79994" lon="0.53738">
        <ele>1019</ele>
        <time>2024-05-05T07:39:54+00:00</time>
      </trkpt>
      <trkpt lat="42.79984" lon="0.53706">
        <ele>1020</ele>
        <time>2024-05-05T07:39:57+00:00</time>
      </trkpt>
      <trkpt lat="42.79977" lon="0.53676">
        <ele>1020</ele>
        <time>2024-05-05T07:40:00+00:00</time>
      </trkpt>
      <trkpt lat="42.79977" lon="0.53645">
        <ele>1020</ele>
        <time>2024-05-05T07:40:03+00:00</time>
      </trkpt>
      <trkpt lat="42.79967" lon="0.53617">
        <ele>1025</ele>
        <time>2024-05-05T07:40:06+00:00</time>
      </trkpt>
      <trkpt lat="42.7996" lon="0.53588">
        <ele>1026</ele>
        <time>2024-05-05T07:40:09+00:00</time>
      </trkpt>
      <trkpt lat="42.79958" lon="0.53559">
        <ele>1027</ele>
        <time>2024-05-05T07:40:12+00:00</time>
      </trkpt>
      <trkpt lat="42.79946" lon="0.53531">
        <ele>1026</ele>
        <time>2024-05-05T07:40:15+00:00</time>
      </trkpt>
      <trkpt lat="42.79959" lon="0.53501">
        <ele>1025</ele>
        <time>2024-05-05T07:40:18+00:00</time>
      </trkpt>
      <trkpt lat="42.79972" lon="0.53473">
        <ele>1014</ele>
        <time>2024-05-05T07:40:21+00:00</time>
      </trkpt>
      <trkpt lat="42.79977" lon="0.53444">
        <ele>1014</ele>
        <time>2024-05-05T07:40:24+00:00</time>
      </trkpt>
      <trkpt lat="42.79985" lon="0.53412">
        <ele>1010</ele>
        <time>2024-05-05T07:40:27+00:00</time>
      </trkpt>
      <trkpt lat="42.79998" lon="0.53387">
        <ele>1006</ele>
        <time>2024-05-05T07:40:30+00:00</time>
      </trkpt>
      <trkpt lat="42.8" lon="0.53356">
        <ele>1005</ele>
        <time>2024-05-05T07:40:33+00:00</time>
      </trkpt>
      <trkpt lat="42.79999" lon="0.5331">
        <ele>1005</ele>
        <time>2024-05-05T07:40:36+00:00</time>
      </trkpt>
      <trkpt lat="42.80012" lon="0.53325">
        <ele>997</ele>
        <time>2024-05-05T07:40:39+00:00</time>
      </trkpt>
      <trkpt lat="42.8002" lon="0.53284">
        <ele>993</ele>
        <time>2024-05-05T07:40:42+00:00</time>
      </trkpt>
      <trkpt lat="42.80017" lon="0.53256">
        <ele>987</ele>
        <time>2024-05-05T07:40:45+00:00</time>
      </trkpt>
      <trkpt lat="42.80007" lon="0.5323">
        <ele>986</ele>
        <time>2024-05-05T07:40:48+00:00</time>
      </trkpt>
      <trkpt lat="42.79992" lon="0.53206">
        <ele>986</ele>
        <time>2024-05-05T07:40:51+00:00</time>
      </trkpt>
      <trkpt lat="42.79995" lon="0.53171">
        <ele>981</ele>
        <time>2024-05-05T07:40:54+00:00</time>
      </trkpt>
      <trkpt lat="42.80004" lon="0.5314">
        <ele>977</ele>
        <time>2024-05-05T07:40:57+00:00</time>
      </trkpt>
      <trkpt lat="42.80018" lon="0.53116">
        <ele>976</ele>
        <time>2024-05-05T07:41:00+00:00</time>
      </trkpt>
      <trkpt lat="42.80026" lon="0.53085">
        <ele>975</ele>
        <time>2024-05-05T07:41:03+00:00</time>
      </trkpt>
      <trkpt lat="42.80036" lon="0.53055">
        <ele>975</ele>
        <time>2024-05-05T07:41:06+00:00</time>
      </trkpt>
      <trkpt lat="42.80032" lon="0.53024">
        <ele>977</ele>
        <time>2024-05-05T07:41:09+00:00</time>
      </trkpt>
      <trkpt lat="42.80036" lon="0.52993">
        <ele>980</ele>
        <time>2024-05-05T07:41:12+00:00</time>
      </trkpt>
      <trkpt lat="42.80039" lon="0.52962">
        <ele>981</ele>
        <time>2024-05-05T07:41:15+00:00</time>
      </trkpt>
      <trkpt lat="42.80037" lon="0.52931">
        <ele>983</ele>
        <time>2024-05-05T07:41:18+00:00</time>
      </trkpt>
      <trkpt lat="42.80025" lon="0.52904">
        <ele>989</ele>
        <time>2024-05-05T07:41:21+00:00</time>
      </trkpt>
      <trkpt lat="42.80025" lon="0.52872">
        <ele>989</ele>
        <time>2024-05-05T07:41:24+00:00</time>
      </trkpt>
      <trkpt lat="42.80033" lon="0.52841">
        <ele>984</ele>
        <time>2024-05-05T07:41:27+00:00</time>
      </trkpt>
      <trkpt lat="42.8004" lon="0.52809">
        <ele>983</ele>
        <time>2024-05-05T07:41:30+00:00</time>
      </trkpt>
      <trkpt lat="42.8005" lon="0.52763">
        <ele>974</ele>
        <time>2024-05-05T07:41:33+00:00</time>
      </trkpt>
      <trkpt lat="42.80055" lon="0.52731">
        <ele>972</ele>
        <time>2024-05-05T07:41:36+00:00</time>
      </trkpt>
      <trkpt lat="42.80056" lon="0.52699">
        <ele>969</ele>
        <time>2024-05-05T07:41:39+00:00</time>
      </trkpt>
      <trkpt lat="42.80059" lon="0.52667">
        <ele>967</ele>
        <time>2024-05-05T07:41:42+00:00</time>
      </trkpt>
      <trkpt lat="42.80063" lon="0.52618">
        <ele>955</ele>
        <time>2024-05-05T07:41:45+00:00</time>
      </trkpt>
      <trkpt lat="42.8006" lon="0.52573">
        <ele>954</ele>
        <time>2024-05-05T07:41:48+00:00</time>
      </trkpt>
      <trkpt lat="42.80053" lon="0.52543">
        <ele>954</ele>
        <time>2024-05-05T07:41:51+00:00</time>
      </trkpt>
      <trkpt lat="42.8004" lon="0.52515">
        <ele>960</ele>
        <time>2024-05-05T07:41:54+00:00</time>
      </trkpt>
      <trkpt lat="42.80028" lon="0.52487">
        <ele>964</ele>
        <time>2024-05-05T07:41:57+00:00</time>
      </trkpt>
      <trkpt lat="42.80018" lon="0.52459">
        <ele>965</ele>
        <time>2024-05-05T07:42:00+00:00</time>
      </trkpt>
      <trkpt lat="42.80006" lon="0.52433">
        <ele>965</ele>
        <time>2024-05-05T07:42:03+00:00</time>
      </trkpt>
      <trkpt lat="42.80002" lon="0.52401">
        <ele>966</ele>
        <time>2024-05-05T07:42:06+00:00</time>
      </trkpt>
      <trkpt lat="42.79991" lon="0.52375">
        <ele>972</ele>
        <time>2024-05-05T07:42:09+00:00</time>
      </trkpt>
      <trkpt lat="42.79979" lon="0.52349">
        <ele>975</ele>
        <time>2024-05-05T07:42:12+00:00</time>
      </trkpt>
      <trkpt lat="42.79976" lon="0.52318">
        <ele>975</ele>
        <time>2024-05-05T07:42:15+00:00</time>
      </trkpt>
      <trkpt lat="42.79977" lon="0.52285">
        <ele>974</ele>
        <time>2024-05-05T07:42:18+00:00</time>
      </trkpt>
      <trkpt lat="42.79971" lon="0.52252">
        <ele>977</ele>
        <time>2024-05-05T07:42:21+00:00</time>
      </trkpt>
      <trkpt lat="42.79962" lon="0.52202">
        <ele>977</ele>
        <time>2024-05-05T07:42:24+00:00</time>
      </trkpt>
      <trkpt lat="42.79961" lon="0.52171">
        <ele>978</ele>
        <time>2024-05-05T07:42:27+00:00</time>
      </trkpt>
      <trkpt lat="42.79959" lon="0.52136">
        <ele>980</ele>
        <time>2024-05-05T07:42:30+00:00</time>
      </trkpt>
      <trkpt lat="42.79951" lon="0.52101">
        <ele>982</ele>
        <time>2024-05-05T07:42:33+00:00</time>
      </trkpt>
      <trkpt lat="42.79949" lon="0.52069">
        <ele>981</ele>
        <time>2024-05-05T07:42:36+00:00</time>
      </trkpt>
      <trkpt lat="42.79951" lon="0.52038">
        <ele>980</ele>
        <time>2024-05-05T07:42:39+00:00</time>
      </trkpt>
      <trkpt lat="42.79955" lon="0.51993">
        <ele>980</ele>
        <time>2024-05-05T07:42:42+00:00</time>
      </trkpt>
      <trkpt lat="42.79958" lon="0.5196">
        <ele>979</ele>
        <time>2024-05-05T07:42:45+00:00</time>
      </trkpt>
      <trkpt lat="42.79968" lon="0.51931">
        <ele>972</ele>
        <time>2024-05-05T07:42:48+00:00</time>
      </trkpt>
      <trkpt lat="42.79969" lon="0.51899">
        <ele>972</ele>
        <time>2024-05-05T07:42:51+00:00</time>
      </trkpt>
      <trkpt lat="42.79965" lon="0.51866">
        <ele>972</ele>
        <time>2024-05-05T07:42:54+00:00</time>
      </trkpt>
      <trkpt lat="42.79961" lon="0.51834">
        <ele>972</ele>
        <time>2024-05-05T07:42:57+00:00</time>
      </trkpt>
      <trkpt lat="42.79956" lon="0.51803">
        <ele>971</ele>
        <time>2024-05-05T07:43:00+00:00</time>
      </trkpt>
      <trkpt lat="42.79955" lon="0.51772">
        <ele>971</ele>
        <time>2024-05-05T07:43:03+00:00</time>
      </trkpt>
      <trkpt lat="42.79948" lon="0.51742">
        <ele>971</ele>
        <time>2024-05-05T07:43:06+00:00</time>
      </trkpt>
      <trkpt lat="42.79953" lon="0.51709">
        <ele>963</ele>
        <time>2024-05-05T07:43:09+00:00</time>
      </trkpt>
      <trkpt lat="42.79954" lon="0.51661">
        <ele>965</ele>
        <time>2024-05-05T07:43:12+00:00</time>
      </trkpt>
      <trkpt lat="42.79948" lon="0.5163">
        <ele>967</ele>
        <time>2024-05-05T07:43:15+00:00</time>
      </trkpt>
      <trkpt lat="42.79942" lon="0.51598">
        <ele>968</ele>
        <time>2024-05-05T07:43:18+00:00</time>
      </trkpt>
      <trkpt lat="42.79947" lon="0.51566">
        <ele>968</ele>
        <time>2024-05-05T07:43:21+00:00</time>
      </trkpt>
      <trkpt lat="42.79954" lon="0.51518">
        <ele>965</ele>
        <time>2024-05-05T07:43:24+00:00</time>
      </trkpt>
      <trkpt lat="42.79946" lon="0.5149">
        <ele>964</ele>
        <time>2024-05-05T07:43:27+00:00</time>
      </trkpt>
      <trkpt lat="42.79916" lon="0.5144">
        <ele>964</ele>
        <time>2024-05-05T07:43:30+00:00</time>
      </trkpt>
      <trkpt lat="42.79907" lon="0.51408">
        <ele>963</ele>
        <time>2024-05-05T07:43:33+00:00</time>
      </trkpt>
      <trkpt lat="42.79896" lon="0.51381">
        <ele>963</ele>
        <time>2024-05-05T07:43:36+00:00</time>
      </trkpt>
      <trkpt lat="42.79887" lon="0.51353">
        <ele>962</ele>
        <time>2024-05-05T07:43:39+00:00</time>
      </trkpt>
      <trkpt lat="42.79871" lon="0.51311">
        <ele>962</ele>
        <time>2024-05-05T07:43:42+00:00</time>
      </trkpt>
      <trkpt lat="42.7986" lon="0.51266">
        <ele>962</ele>
        <time>2024-05-05T07:43:45+00:00</time>
      </trkpt>
      <trkpt lat="42.79849" lon="0.51238">
        <ele>964</ele>
        <time>2024-05-05T07:43:48+00:00</time>
      </trkpt>
      <trkpt lat="42.79835" lon="0.51211">
        <ele>964</ele>
        <time>2024-05-05T07:43:51+00:00</time>
      </trkpt>
      <trkpt lat="42.79821" lon="0.51183">
        <ele>965</ele>
        <time>2024-05-05T07:43:54+00:00</time>
      </trkpt>
      <trkpt lat="42.79801" lon="0.51147">
        <ele>966</ele>
        <time>2024-05-05T07:43:57+00:00</time>
      </trkpt>
      <trkpt lat="42.7979" lon="0.5112">
        <ele>966</ele>
        <time>2024-05-05T07:44:00+00:00</time>
      </trkpt>
      <trkpt lat="42.79787" lon="0.5109">
        <ele>966</ele>
        <time>2024-05-05T07:44:03+00:00</time>
      </trkpt>
      <trkpt lat="42.79782" lon="0.51057">
        <ele>967</ele>
        <time>2024-05-05T07:44:06+00:00</time>
      </trkpt>
      <trkpt lat="42.7977" lon="0.5103">
        <ele>966</ele>
        <time>2024-05-05T07:44:09+00:00</time>
      </trkpt>
      <trkpt lat="42.79762" lon="0.51002">
        <ele>966</ele>
        <time>2024-05-05T07:44:12+00:00</time>
      </trkpt>
      <trkpt lat="42.79754" lon="0.50973">
        <ele>966</ele>
        <time>2024-05-05T07:44:15+00:00</time>
      </trkpt>
      <trkpt lat="42.79738" lon="0.5095">
        <ele>965</ele>
        <time>2024-05-05T07:44:18+00:00</time>
      </trkpt>
      <trkpt lat="42.79723" lon="0.50909">
        <ele>964</ele>
        <time>2024-05-05T07:44:21+00:00</time>
      </trkpt>
      <trkpt lat="42.79705" lon="0.50875">
        <ele>964</ele>
        <time>2024-05-05T07:44:24+00:00</time>
      </trkpt>
      <trkpt lat="42.79693" lon="0.5084">
        <ele>962</ele>
        <time>2024-05-05T07:44:27+00:00</time>
      </trkpt>
      <trkpt lat="42.79706" lon="0.50836">
        <ele>959</ele>
        <time>2024-05-05T07:44:30+00:00</time>
      </trkpt>
      <trkpt lat="42.7972" lon="0.50799">
        <ele>959</ele>
        <time>2024-05-05T07:44:33+00:00</time>
      </trkpt>
      <trkpt lat="42.79704" lon="0.50777">
        <ele>959</ele>
        <time>2024-05-05T07:44:36+00:00</time>
      </trkpt>
      <trkpt lat="42.79684" lon="0.50738">
        <ele>959</ele>
        <time>2024-05-05T07:44:39+00:00</time>
      </trkpt>
      <trkpt lat="42.79677" lon="0.50708">
        <ele>960</ele>
        <time>2024-05-05T07:44:42+00:00</time>
      </trkpt>
      <trkpt lat="42.79669" lon="0.50663">
        <ele>962</ele>
        <time>2024-05-05T07:44:45+00:00</time>
      </trkpt>
      <trkpt lat="42.79664" lon="0.50633">
        <ele>963</ele>
        <time>2024-05-05T07:44:48+00:00</time>
      </trkpt>
      <trkpt lat="42.79648" lon="0.50609">
        <ele>963</ele>
        <time>2024-05-05T07:44:51+00:00</time>
      </trkpt>
      <trkpt lat="42.79633" lon="0.50585">
        <ele>964</ele>
        <time>2024-05-05T07:44:54+00:00</time>
      </trkpt>
      <trkpt lat="42.79604" lon="0.50566">
        <ele>964</ele>
        <time>2024-05-05T07:44:57+00:00</time>
      </trkpt>
      <trkpt lat="42.7958" lon="0.50557">
        <ele>964</ele>
        <time>2024-05-05T07:45:00+00:00</time>
      </trkpt>
      <trkpt lat="42.7956" lon="0.50553">
        <ele>964</ele>
        <time>2024-05-05T07:45:03+00:00</time>
      </trkpt>
      <trkpt lat="42.79531" lon="0.50541">
        <ele>964</ele>
        <time>2024-05-05T07:45:06+00:00</time>
      </trkpt>
      <trkpt lat="42.79474" lon="0.50515">
        <ele>966</ele>
        <time>2024-05-05T07:45:09+00:00</time>
      </trkpt>
      <trkpt lat="42.79442" lon="0.50504">
        <ele>967</ele>
        <time>2024-05-05T07:45:12+00:00</time>
      </trkpt>
      <trkpt lat="42.79419" lon="0.50495">
        <ele>968</ele>
        <time>2024-05-05T07:45:15+00:00</time>
      </trkpt>
      <trkpt lat="42.79382" lon="0.50494">
        <ele>969</ele>
        <time>2024-05-05T07:45:18+00:00</time>
      </trkpt>
      <trkpt lat="42.79359" lon="0.50489">
        <ele>970</ele>
        <time>2024-05-05T07:45:21+00:00</time>
      </trkpt>
      <trkpt lat="42.79319" lon="0.50477">
        <ele>971</ele>
        <time>2024-05-05T07:45:24+00:00</time>
      </trkpt>
      <trkpt lat="42.79282" lon="0.50466">
        <ele>971</ele>
        <time>2024-05-05T07:45:27+00:00</time>
      </trkpt>
      <trkpt lat="42.7923" lon="0.50465">
        <ele>973</ele>
        <time>2024-05-05T07:45:30+00:00</time>
      </trkpt>
      <trkpt lat="42.79196" lon="0.5047">
        <ele>976</ele>
        <time>2024-05-05T07:45:33+00:00</time>
      </trkpt>
      <trkpt lat="42.79174" lon="0.50475">
        <ele>977</ele>
        <time>2024-05-05T07:45:36+00:00</time>
      </trkpt>
      <trkpt lat="42.79152" lon="0.50474">
        <ele>977</ele>
        <time>2024-05-05T07:45:39+00:00</time>
      </trkpt>
      <trkpt lat="42.79115" lon="0.50474">
        <ele>979</ele>
        <time>2024-05-05T07:45:42+00:00</time>
      </trkpt>
      <trkpt lat="42.79092" lon="0.50479">
        <ele>980</ele>
        <time>2024-05-05T07:45:45+00:00</time>
      </trkpt>
      <trkpt lat="42.79057" lon="0.50485">
        <ele>982</ele>
        <time>2024-05-05T07:45:48+00:00</time>
      </trkpt>
      <trkpt lat="42.79034" lon="0.50491">
        <ele>982</ele>
        <time>2024-05-05T07:45:51+00:00</time>
      </trkpt>
      <trkpt lat="42.79012" lon="0.50502">
        <ele>983</ele>
        <time>2024-05-05T07:45:54+00:00</time>
      </trkpt>
      <trkpt lat="42.78988" lon="0.50508">
        <ele>984</ele>
        <time>2024-05-05T07:45:57+00:00</time>
      </trkpt>
      <trkpt lat="42.78964" lon="0.50509">
        <ele>985</ele>
        <time>2024-05-05T07:46:00+00:00</time>
      </trkpt>
      <trkpt lat="42.7894" lon="0.50509">
        <ele>985</ele>
        <time>2024-05-05T07:46:03+00:00</time>
      </trkpt>
      <trkpt lat="42.78918" lon="0.50519">
        <ele>986</ele>
        <time>2024-05-05T07:46:06+00:00</time>
      </trkpt>
      <trkpt lat="42.78894" lon="0.50521">
        <ele>986</ele>
        <time>2024-05-05T07:46:09+00:00</time>
      </trkpt>
      <trkpt lat="42.78872" lon="0.50519">
        <ele>989</ele>
        <time>2024-05-05T07:46:12+00:00</time>
      </trkpt>
      <trkpt lat="42.78849" lon="0.50523">
        <ele>991</ele>
        <time>2024-05-05T07:46:15+00:00</time>
      </trkpt>
      <trkpt lat="42.78826" lon="0.50521">
        <ele>993</ele>
        <time>2024-05-05T07:46:18+00:00</time>
      </trkpt>
      <trkpt lat="42.78792" lon="0.50524">
        <ele>994</ele>
        <time>2024-05-05T07:46:21+00:00</time>
      </trkpt>
      <trkpt lat="42.78767" lon="0.50532">
        <ele>996</ele>
        <time>2024-05-05T07:46:24+00:00</time>
      </trkpt>
      <trkpt lat="42.78742" lon="0.50527">
        <ele>997</ele>
        <time>2024-05-05T07:46:27+00:00</time>
      </trkpt>
      <trkpt lat="42.78703" lon="0.50528">
        <ele>1000</ele>
        <time>2024-05-05T07:46:30+00:00</time>
      </trkpt>
      <trkpt lat="42.78675" lon="0.50537">
        <ele>1000</ele>
        <time>2024-05-05T07:46:33+00:00</time>
      </trkpt>
      <trkpt lat="42.7865" lon="0.50554">
        <ele>1001</ele>
        <time>2024-05-05T07:46:36+00:00</time>
      </trkpt>
      <trkpt lat="42.78626" lon="0.50559">
        <ele>1003</ele>
        <time>2024-05-05T07:46:39+00:00</time>
      </trkpt>
      <trkpt lat="42.7858" lon="0.50539">
        <ele>1008</ele>
        <time>2024-05-05T07:46:42+00:00</time>
      </trkpt>
      <trkpt lat="42.78558" lon="0.50528">
        <ele>1008</ele>
        <time>2024-05-05T07:46:45+00:00</time>
      </trkpt>
      <trkpt lat="42.7852" lon="0.50521">
        <ele>1008</ele>
        <time>2024-05-05T07:46:48+00:00</time>
      </trkpt>
      <trkpt lat="42.78499" lon="0.50506">
        <ele>1008</ele>
        <time>2024-05-05T07:46:51+00:00</time>
      </trkpt>
      <trkpt lat="42.78478" lon="0.505">
        <ele>1009</ele>
        <time>2024-05-05T07:46:54+00:00</time>
      </trkpt>
      <trkpt lat="42.78456" lon="0.50488">
        <ele>1014</ele>
        <time>2024-05-05T07:46:57+00:00</time>
      </trkpt>
      <trkpt lat="42.78434" lon="0.50479">
        <ele>1016</ele>
        <time>2024-05-05T07:47:00+00:00</time>
      </trkpt>
      <trkpt lat="42.78411" lon="0.50473">
        <ele>1018</ele>
        <time>2024-05-05T07:47:03+00:00</time>
      </trkpt>
      <trkpt lat="42.78388" lon="0.50473">
        <ele>1017</ele>
        <time>2024-05-05T07:47:06+00:00</time>
      </trkpt>
      <trkpt lat="42.7837" lon="0.50494">
        <ele>1017</ele>
        <time>2024-05-05T07:47:09+00:00</time>
      </trkpt>
      <trkpt lat="42.78341" lon="0.50521">
        <ele>1014</ele>
        <time>2024-05-05T07:47:12+00:00</time>
      </trkpt>
      <trkpt lat="42.78316" lon="0.5054">
        <ele>1014</ele>
        <time>2024-05-05T07:47:15+00:00</time>
      </trkpt>
      <trkpt lat="42.78271" lon="0.50553">
        <ele>1015</ele>
        <time>2024-05-05T07:47:18+00:00</time>
      </trkpt>
      <trkpt lat="42.78237" lon="0.5056">
        <ele>1018</ele>
        <time>2024-05-05T07:47:21+00:00</time>
      </trkpt>
      <trkpt lat="42.78213" lon="0.50551">
        <ele>1021</ele>
        <time>2024-05-05T07:47:24+00:00</time>
      </trkpt>
      <trkpt lat="42.78191" lon="0.50542">
        <ele>1027</ele>
        <time>2024-05-05T07:47:27+00:00</time>
      </trkpt>
      <trkpt lat="42.7817" lon="0.50526">
        <ele>1033</ele>
        <time>2024-05-05T07:47:30+00:00</time>
      </trkpt>
      <trkpt lat="42.78148" lon="0.50522">
        <ele>1034</ele>
        <time>2024-05-05T07:47:33+00:00</time>
      </trkpt>
      <trkpt lat="42.78124" lon="0.50524">
        <ele>1035</ele>
        <time>2024-05-05T07:47:36+00:00</time>
      </trkpt>
      <trkpt lat="42.78104" lon="0.50526">
        <ele>1035</ele>
        <time>2024-05-05T07:47:39+00:00</time>
      </trkpt>
      <trkpt lat="42.78081" lon="0.50527">
        <ele>1036</ele>
        <time>2024-05-05T07:47:42+00:00</time>
      </trkpt>
      <trkpt lat="42.78058" lon="0.50522">
        <ele>1037</ele>
        <time>2024-05-05T07:47:45+00:00</time>
      </trkpt>
      <trkpt lat="42.78037" lon="0.5051">
        <ele>1042</ele>
        <time>2024-05-05T07:47:48+00:00</time>
      </trkpt>
      <trkpt lat="42.78014" lon="0.50512">
        <ele>1044</ele>
        <time>2024-05-05T07:47:51+00:00</time>
      </trkpt>
      <trkpt lat="42.77991" lon="0.50515">
        <ele>1046</ele>
        <time>2024-05-05T07:47:54+00:00</time>
      </trkpt>
      <trkpt lat="42.77969" lon="0.5052">
        <ele>1046</ele>
        <time>2024-05-05T07:47:57+00:00</time>
      </trkpt>
      <trkpt lat="42.77942" lon="0.5053">
        <ele>1046</ele>
        <time>2024-05-05T07:48:00+00:00</time>
      </trkpt>
      <trkpt lat="42.7791" lon="0.50542">
        <ele>1046</ele>
        <time>2024-05-05T07:48:03+00:00</time>
      </trkpt>
      <trkpt lat="42.77889" lon="0.50542">
        <ele>1048</ele>
        <time>2024-05-05T07:48:06+00:00</time>
      </trkpt>
      <trkpt lat="42.77863" lon="0.50535">
        <ele>1049</ele>
        <time>2024-05-05T07:48:09+00:00</time>
      </trkpt>
      <trkpt lat="42.77822" lon="0.50526">
        <ele>1051</ele>
        <time>2024-05-05T07:48:12+00:00</time>
      </trkpt>
      <trkpt lat="42.77805" lon="0.50504">
        <ele>1057</ele>
        <time>2024-05-05T07:48:15+00:00</time>
      </trkpt>
      <trkpt lat="42.77778" lon="0.50477">
        <ele>1065</ele>
        <time>2024-05-05T07:48:18+00:00</time>
      </trkpt>
      <trkpt lat="42.77757" lon="0.50465">
        <ele>1067</ele>
        <time>2024-05-05T07:48:21+00:00</time>
      </trkpt>
      <trkpt lat="42.77728" lon="0.5045">
        <ele>1073</ele>
        <time>2024-05-05T07:48:24+00:00</time>
      </trkpt>
      <trkpt lat="42.7771" lon="0.50435">
        <ele>1074</ele>
        <time>2024-05-05T07:48:27+00:00</time>
      </trkpt>
      <trkpt lat="42.77687" lon="0.50427">
        <ele>1077</ele>
        <time>2024-05-05T07:48:30+00:00</time>
      </trkpt>
      <trkpt lat="42.77667" lon="0.50414">
        <ele>1078</ele>
        <time>2024-05-05T07:48:33+00:00</time>
      </trkpt>
      <trkpt lat="42.77651" lon="0.50392">
        <ele>1080</ele>
        <time>2024-05-05T07:48:36+00:00</time>
      </trkpt>
      <trkpt lat="42.7763" lon="0.50378">
        <ele>1082</ele>
        <time>2024-05-05T07:48:39+00:00</time>
      </trkpt>
      <trkpt lat="42.77612" lon="0.50356">
        <ele>1089</ele>
        <time>2024-05-05T07:48:42+00:00</time>
      </trkpt>
      <trkpt lat="42.77595" lon="0.5033">
        <ele>1091</ele>
        <time>2024-05-05T07:48:45+00:00</time>
      </trkpt>
      <trkpt lat="42.77575" lon="0.50316">
        <ele>1095</ele>
        <time>2024-05-05T07:48:48+00:00</time>
      </trkpt>
      <trkpt lat="42.77546" lon="0.5029">
        <ele>1095</ele>
        <time>2024-05-05T07:48:51+00:00</time>
      </trkpt>
      <trkpt lat="42.77524" lon="0.50278">
        <ele>1104</ele>
        <time>2024-05-05T07:48:54+00:00</time>
      </trkpt>
      <trkpt lat="42.77502" lon="0.50269">
        <ele>1104</ele>
        <time>2024-05-05T07:48:57+00:00</time>
      </trkpt>
      <trkpt lat="42.77479" lon="0.5027">
        <ele>1104</ele>
        <time>2024-05-05T07:49:00+00:00</time>
      </trkpt>
      <trkpt lat="42.77456" lon="0.5027">
        <ele>1105</ele>
        <time>2024-05-05T07:49:03+00:00</time>
      </trkpt>
      <trkpt lat="42.77425" lon="0.50253">
        <ele>1107</ele>
        <time>2024-05-05T07:49:06+00:00</time>
      </trkpt>
      <trkpt lat="42.77405" lon="0.50236">
        <ele>1108</ele>
        <time>2024-05-05T07:49:09+00:00</time>
      </trkpt>
      <trkpt lat="42.77385" lon="0.50224">
        <ele>1110</ele>
        <time>2024-05-05T07:49:12+00:00</time>
      </trkpt>
      <trkpt lat="42.77364" lon="0.5021">
        <ele>1114</ele>
        <time>2024-05-05T07:49:15+00:00</time>
      </trkpt>
      <trkpt lat="42.77344" lon="0.50196">
        <ele>1119</ele>
        <time>2024-05-05T07:49:18+00:00</time>
      </trkpt>
      <trkpt lat="42.7732" lon="0.50185">
        <ele>1120</ele>
        <time>2024-05-05T07:49:21+00:00</time>
      </trkpt>
      <trkpt lat="42.77297" lon="0.50177">
        <ele>1121</ele>
        <time>2024-05-05T07:49:24+00:00</time>
      </trkpt>
      <trkpt lat="42.77277" lon="0.50164">
        <ele>1123</ele>
        <time>2024-05-05T07:49:27+00:00</time>
      </trkpt>
      <trkpt lat="42.77259" lon="0.50144">
        <ele>1129</ele>
        <time>2024-05-05T07:49:30+00:00</time>
      </trkpt>
      <trkpt lat="42.77237" lon="0.50139">
        <ele>1130</ele>
        <time>2024-05-05T07:49:33+00:00</time>
      </trkpt>
      <trkpt lat="42.77216" lon="0.50124">
        <ele>1134</ele>
        <time>2024-05-05T07:49:36+00:00</time>
      </trkpt>
      <trkpt lat="42.77194" lon="0.5012">
        <ele>1135</ele>
        <time>2024-05-05T07:49:39+00:00</time>
      </trkpt>
      <trkpt lat="42.77172" lon="0.50117">
        <ele>1135</ele>
        <time>2024-05-05T07:49:42+00:00</time>
      </trkpt>
      <trkpt lat="42.77149" lon="0.50116">
        <ele>1136</ele>
        <time>2024-05-05T07:49:45+00:00</time>
      </trkpt>
      <trkpt lat="42.77128" lon="0.50104">
        <ele>1136</ele>
        <time>2024-05-05T07:49:48+00:00</time>
      </trkpt>
      <trkpt lat="42.77105" lon="0.50103">
        <ele>1136</ele>
        <time>2024-05-05T07:49:51+00:00</time>
      </trkpt>
      <trkpt lat="42.77082" lon="0.50112">
        <ele>1136</ele>
        <time>2024-05-05T07:49:54+00:00</time>
      </trkpt>
      <trkpt lat="42.7704" lon="0.50114">
        <ele>1136</ele>
        <time>2024-05-05T07:49:57+00:00</time>
      </trkpt>
      <trkpt lat="42.77006" lon="0.50103">
        <ele>1138</ele>
        <time>2024-05-05T07:50:00+00:00</time>
      </trkpt>
      <trkpt lat="42.76984" lon="0.50098">
        <ele>1138</ele>
        <time>2024-05-05T07:50:03+00:00</time>
      </trkpt>
      <trkpt lat="42.76969" lon="0.50083">
        <ele>1138</ele>
        <time>2024-05-05T07:50:06+00:00</time>
      </trkpt>
      <trkpt lat="42.76944" lon="0.50067">
        <ele>1141</ele>
        <time>2024-05-05T07:50:09+00:00</time>
      </trkpt>
      <trkpt lat="42.76925" lon="0.50058">
        <ele>1140</ele>
        <time>2024-05-05T07:50:12+00:00</time>
      </trkpt>
      <trkpt lat="42.76903" lon="0.50066">
        <ele>1140</ele>
        <time>2024-05-05T07:50:15+00:00</time>
      </trkpt>
      <trkpt lat="42.76869" lon="0.50071">
        <ele>1139</ele>
        <time>2024-05-05T07:50:18+00:00</time>
      </trkpt>
      <trkpt lat="42.76841" lon="0.50071">
        <ele>1140</ele>
        <time>2024-05-05T07:50:21+00:00</time>
      </trkpt>
      <trkpt lat="42.76815" lon="0.50069">
        <ele>1140</ele>
        <time>2024-05-05T07:50:24+00:00</time>
      </trkpt>
      <trkpt lat="42.76793" lon="0.50058">
        <ele>1140</ele>
        <time>2024-05-05T07:50:27+00:00</time>
      </trkpt>
      <trkpt lat="42.76773" lon="0.50054">
        <ele>1135</ele>
        <time>2024-05-05T07:50:30+00:00</time>
      </trkpt>
      <trkpt lat="42.76749" lon="0.50055">
        <ele>1130</ele>
        <time>2024-05-05T07:50:33+00:00</time>
      </trkpt>
      <trkpt lat="42.76712" lon="0.50055">
        <ele>1127</ele>
        <time>2024-05-05T07:50:36+00:00</time>
      </trkpt>
      <trkpt lat="42.76671" lon="0.50069">
        <ele>1123</ele>
        <time>2024-05-05T07:50:39+00:00</time>
      </trkpt>
      <trkpt lat="42.76659" lon="0.5011">
        <ele>1120</ele>
        <time>2024-05-05T07:50:42+00:00</time>
      </trkpt>
      <trkpt lat="42.7663" lon="0.50105">
        <ele>1120</ele>
        <time>2024-05-05T07:50:45+00:00</time>
      </trkpt>
      <trkpt lat="42.76599" lon="0.50096">
        <ele>1121</ele>
        <time>2024-05-05T07:50:48+00:00</time>
      </trkpt>
      <trkpt lat="42.76573" lon="0.50096">
        <ele>1121</ele>
        <time>2024-05-05T07:50:51+00:00</time>
      </trkpt>
      <trkpt lat="42.7655" lon="0.50099">
        <ele>1122</ele>
        <time>2024-05-05T07:50:54+00:00</time>
      </trkpt>
      <trkpt lat="42.76523" lon="0.50097">
        <ele>1123</ele>
        <time>2024-05-05T07:50:57+00:00</time>
      </trkpt>
      <trkpt lat="42.765" lon="0.50105">
        <ele>1124</ele>
        <time>2024-05-05T07:51:00+00:00</time>
      </trkpt>
      <trkpt lat="42.76506" lon="0.5013">
        <ele>1126</ele>
        <time>2024-05-05T07:51:03+00:00</time>
      </trkpt>
      <trkpt lat="42.76524" lon="0.5015">
        <ele>1128</ele>
        <time>2024-05-05T07:51:06+00:00</time>
      </trkpt>
      <trkpt lat="42.765" lon="0.50166">
        <ele>1133</ele>
        <time>2024-05-05T07:51:09+00:00</time>
      </trkpt>
      <trkpt lat="42.76461" lon="0.50177">
        <ele>1134</ele>
        <time>2024-05-05T07:51:12+00:00</time>
      </trkpt>
      <trkpt lat="42.76438" lon="0.50179">
        <ele>1135</ele>
        <time>2024-05-05T07:51:15+00:00</time>
      </trkpt>
      <trkpt lat="42.76415" lon="0.50187">
        <ele>1137</ele>
        <time>2024-05-05T07:51:18+00:00</time>
      </trkpt>
      <trkpt lat="42.76395" lon="0.50206">
        <ele>1140</ele>
        <time>2024-05-05T07:51:21+00:00</time>
      </trkpt>
      <trkpt lat="42.76372" lon="0.50199">
        <ele>1142</ele>
        <time>2024-05-05T07:51:24+00:00</time>
      </trkpt>
      <trkpt lat="42.7635" lon="0.50188">
        <ele>1144</ele>
        <time>2024-05-05T07:51:27+00:00</time>
      </trkpt>
      <trkpt lat="42.76327" lon="0.50188">
        <ele>1147</ele>
        <time>2024-05-05T07:51:30+00:00</time>
      </trkpt>
      <trkpt lat="42.76304" lon="0.50187">
        <ele>1150</ele>
        <time>2024-05-05T07:51:33+00:00</time>
      </trkpt>
      <trkpt lat="42.7626" lon="0.50168">
        <ele>1154</ele>
        <time>2024-05-05T07:51:36+00:00</time>
      </trkpt>
      <trkpt lat="42.76238" lon="0.50162">
        <ele>1156</ele>
        <time>2024-05-05T07:51:39+00:00</time>
      </trkpt>
      <trkpt lat="42.76218" lon="0.50161">
        <ele>1158</ele>
        <time>2024-05-05T07:51:42+00:00</time>
      </trkpt>
      <trkpt lat="42.76179" lon="0.50162">
        <ele>1161</ele>
        <time>2024-05-05T07:51:45+00:00</time>
      </trkpt>
      <trkpt lat="42.7615" lon="0.50181">
        <ele>1163</ele>
        <time>2024-05-05T07:51:48+00:00</time>
      </trkpt>
      <trkpt lat="42.76128" lon="0.50192">
        <ele>1164</ele>
        <time>2024-05-05T07:51:51+00:00</time>
      </trkpt>
      <trkpt lat="42.76106" lon="0.50177">
        <ele>1166</ele>
        <time>2024-05-05T07:51:54+00:00</time>
      </trkpt>
      <trkpt lat="42.76086" lon="0.50175">
        <ele>1167</ele>
        <time>2024-05-05T07:51:57+00:00</time>
      </trkpt>
      <trkpt lat="42.76058" lon="0.50177">
        <ele>1168</ele>
        <time>2024-05-05T07:52:00+00:00</time>
      </trkpt>
      <trkpt lat="42.76036" lon="0.50193">
        <ele>1170</ele>
        <time>2024-05-05T07:52:03+00:00</time>
      </trkpt>
      <trkpt lat="42.7601" lon="0.50203">
        <ele>1171</ele>
        <time>2024-05-05T07:52:06+00:00</time>
      </trkpt>
      <trkpt lat="42.75989" lon="0.50216">
        <ele>1173</ele>
        <time>2024-05-05T07:52:09+00:00</time>
      </trkpt>
      <trkpt lat="42.75972" lon="0.50239">
        <ele>1177</ele>
        <time>2024-05-05T07:52:12+00:00</time>
      </trkpt>
      <trkpt lat="42.75941" lon="0.50264">
        <ele>1186</ele>
        <time>2024-05-05T07:52:15+00:00</time>
      </trkpt>
      <trkpt lat="42.75919" lon="0.50255">
        <ele>1186</ele>
        <time>2024-05-05T07:52:18+00:00</time>
      </trkpt>
      <trkpt lat="42.759" lon="0.50243">
        <ele>1186</ele>
        <time>2024-05-05T07:52:21+00:00</time>
      </trkpt>
      <trkpt lat="42.75878" lon="0.50243">
        <ele>1187</ele>
        <time>2024-05-05T07:52:24+00:00</time>
      </trkpt>
      <trkpt lat="42.75844" lon="0.5024">
        <ele>1194</ele>
        <time>2024-05-05T07:52:27+00:00</time>
      </trkpt>
      <trkpt lat="42.75822" lon="0.50236">
        <ele>1194</ele>
        <time>2024-05-05T07:52:30+00:00</time>
      </trkpt>
      <trkpt lat="42.75799" lon="0.5023">
        <ele>1205</ele>
        <time>2024-05-05T07:52:33+00:00</time>
      </trkpt>
      <trkpt lat="42.75776" lon="0.50221">
        <ele>1209</ele>
        <time>2024-05-05T07:52:36+00:00</time>
      </trkpt>
      <trkpt lat="42.75754" lon="0.50211">
        <ele>1211</ele>
        <time>2024-05-05T07:52:39+00:00</time>
      </trkpt>
      <trkpt lat="42.75731" lon="0.50206">
        <ele>1215</ele>
        <time>2024-05-05T07:52:42+00:00</time>
      </trkpt>
      <trkpt lat="42.75712" lon="0.5019">
        <ele>1225</ele>
        <time>2024-05-05T07:52:45+00:00</time>
      </trkpt>
      <trkpt lat="42.75697" lon="0.50165">
        <ele>1229</ele>
        <time>2024-05-05T07:52:48+00:00</time>
      </trkpt>
      <trkpt lat="42.75678" lon="0.50143">
        <ele>1230</ele>
        <time>2024-05-05T07:52:51+00:00</time>
      </trkpt>
      <trkpt lat="42.75656" lon="0.50136">
        <ele>1239</ele>
        <time>2024-05-05T07:52:54+00:00</time>
      </trkpt>
      <trkpt lat="42.7563" lon="0.50105">
        <ele>1242</ele>
        <time>2024-05-05T07:52:57+00:00</time>
      </trkpt>
      <trkpt lat="42.75603" lon="0.50073">
        <ele>1250</ele>
        <time>2024-05-05T07:53:00+00:00</time>
      </trkpt>
      <trkpt lat="42.7559" lon="0.50049">
        <ele>1251</ele>
        <time>2024-05-05T07:53:03+00:00</time>
      </trkpt>
      <trkpt lat="42.75573" lon="0.50027">
        <ele>1251</ele>
        <time>2024-05-05T07:53:06+00:00</time>
      </trkpt>
      <trkpt lat="42.75551" lon="0.49992">
        <ele>1251</ele>
        <time>2024-05-05T07:53:09+00:00</time>
      </trkpt>
      <trkpt lat="42.75531" lon="0.49978">
        <ele>1251</ele>
        <time>2024-05-05T07:53:12+00:00</time>
      </trkpt>
      <trkpt lat="42.755" lon="0.49961">
        <ele>1257</ele>
        <time>2024-05-05T07:53:15+00:00</time>
      </trkpt>
      <trkpt lat="42.75479" lon="0.49956">
        <ele>1262</ele>
        <time>2024-05-05T07:53:18+00:00</time>
      </trkpt>
      <trkpt lat="42.75455" lon="0.49951">
        <ele>1267</ele>
        <time>2024-05-05T07:53:21+00:00</time>
      </trkpt>
      <trkpt lat="42.75433" lon="0.4995">
        <ele>1272</ele>
        <time>2024-05-05T07:53:24+00:00</time>
      </trkpt>
      <trkpt lat="42.75411" lon="0.49955">
        <ele>1277</ele>
        <time>2024-05-05T07:53:27+00:00</time>
      </trkpt>
      <trkpt lat="42.75387" lon="0.49964">
        <ele>1290</ele>
        <time>2024-05-05T07:53:30+00:00</time>
      </trkpt>
      <trkpt lat="42.75365" lon="0.49965">
        <ele>1296</ele>
        <time>2024-05-05T07:53:33+00:00</time>
      </trkpt>
      <trkpt lat="42.7533" lon="0.49946">
        <ele>1298</ele>
        <time>2024-05-05T07:53:36+00:00</time>
      </trkpt>
      <trkpt lat="42.75311" lon="0.4993">
        <ele>1298</ele>
        <time>2024-05-05T07:53:39+00:00</time>
      </trkpt>
      <trkpt lat="42.75293" lon="0.49914">
        <ele>1295</ele>
        <time>2024-05-05T07:53:42+00:00</time>
      </trkpt>
      <trkpt lat="42.75277" lon="0.49888">
        <ele>1297</ele>
        <time>2024-05-05T07:53:45+00:00</time>
      </trkpt>
      <trkpt lat="42.75257" lon="0.49872">
        <ele>1299</ele>
        <time>2024-05-05T07:53:48+00:00</time>
      </trkpt>
      <trkpt lat="42.75237" lon="0.49856">
        <ele>1301</ele>
        <time>2024-05-05T07:53:51+00:00</time>
      </trkpt>
      <trkpt lat="42.7522" lon="0.49834">
        <ele>1303</ele>
        <time>2024-05-05T07:53:54+00:00</time>
      </trkpt>
      <trkpt lat="42.75203" lon="0.49811">
        <ele>1312</ele>
        <time>2024-05-05T07:53:57+00:00</time>
      </trkpt>
      <trkpt lat="42.75198" lon="0.49783">
        <ele>1313</ele>
        <time>2024-05-05T07:54:00+00:00</time>
      </trkpt>
      <trkpt lat="42.75181" lon="0.49763">
        <ele>1315</ele>
        <time>2024-05-05T07:54:03+00:00</time>
      </trkpt>
      <trkpt lat="42.75164" lon="0.49741">
        <ele>1326</ele>
        <time>2024-05-05T07:54:06+00:00</time>
      </trkpt>
      <trkpt lat="42.75159" lon="0.49713">
        <ele>1328</ele>
        <time>2024-05-05T07:54:09+00:00</time>
      </trkpt>
      <trkpt lat="42.75148" lon="0.49687">
        <ele>1332</ele>
        <time>2024-05-05T07:54:12+00:00</time>
      </trkpt>
      <trkpt lat="42.7514" lon="0.49661">
        <ele>1336</ele>
        <time>2024-05-05T07:54:15+00:00</time>
      </trkpt>
      <trkpt lat="42.75135" lon="0.49666">
        <ele>1336</ele>
        <time>2024-05-05T07:54:18+00:00</time>
      </trkpt>
      <trkpt lat="42.75139" lon="0.49695">
        <ele>1338</ele>
        <time>2024-05-05T07:54:21+00:00</time>
      </trkpt>
      <trkpt lat="42.75127" lon="0.49686">
        <ele>1342</ele>
        <time>2024-05-05T07:54:24+00:00</time>
      </trkpt>
      <trkpt lat="42.75113" lon="0.49662">
        <ele>1349</ele>
        <time>2024-05-05T07:54:27+00:00</time>
      </trkpt>
      <trkpt lat="42.75106" lon="0.49663">
        <ele>1350</ele>
        <time>2024-05-05T07:54:30+00:00</time>
      </trkpt>
      <trkpt lat="42.75112" lon="0.49694">
        <ele>1351</ele>
        <time>2024-05-05T07:54:33+00:00</time>
      </trkpt>
      <trkpt lat="42.75102" lon="0.49701">
        <ele>1358</ele>
        <time>2024-05-05T07:54:36+00:00</time>
      </trkpt>
      <trkpt lat="42.7509" lon="0.49678">
        <ele>1369</ele>
        <time>2024-05-05T07:54:39+00:00</time>
      </trkpt>
      <trkpt lat="42.75084" lon="0.49679">
        <ele>1369</ele>
        <time>2024-05-05T07:54:42+00:00</time>
      </trkpt>
      <trkpt lat="42.75082" lon="0.49708">
        <ele>1373</ele>
        <time>2024-05-05T07:54:45+00:00</time>
      </trkpt>
      <trkpt lat="42.75067" lon="0.49686">
        <ele>1383</ele>
        <time>2024-05-05T07:54:48+00:00</time>
      </trkpt>
      <trkpt lat="42.75049" lon="0.49669">
        <ele>1398</ele>
        <time>2024-05-05T07:54:51+00:00</time>
      </trkpt>
      <trkpt lat="42.75031" lon="0.49652">
        <ele>1406</ele>
        <time>2024-05-05T07:54:54+00:00</time>
      </trkpt>
      <trkpt lat="42.75034" lon="0.49622">
        <ele>1404</ele>
        <time>2024-05-05T07:54:57+00:00</time>
      </trkpt>
      <trkpt lat="42.75041" lon="0.49592">
        <ele>1403</ele>
        <time>2024-05-05T07:55:00+00:00</time>
      </trkpt>
      <trkpt lat="42.75053" lon="0.49568">
        <ele>1403</ele>
        <time>2024-05-05T07:55:03+00:00</time>
      </trkpt>
      <trkpt lat="42.75068" lon="0.49544">
        <ele>1405</ele>
        <time>2024-05-05T07:55:06+00:00</time>
      </trkpt>
      <trkpt lat="42.75074" lon="0.49516">
        <ele>1408</ele>
        <time>2024-05-05T07:55:09+00:00</time>
      </trkpt>
      <trkpt lat="42.75063" lon="0.49508">
        <ele>1413</ele>
        <time>2024-05-05T07:55:12+00:00</time>
      </trkpt>
      <trkpt lat="42.75045" lon="0.49497">
        <ele>1422</ele>
        <time>2024-05-05T07:55:15+00:00</time>
      </trkpt>
      <trkpt lat="42.75052" lon="0.49469">
        <ele>1425</ele>
        <time>2024-05-05T07:55:18+00:00</time>
      </trkpt>
      <trkpt lat="42.75048" lon="0.49465">
        <ele>1426</ele>
        <time>2024-05-05T07:55:21+00:00</time>
      </trkpt>
      <trkpt lat="42.75034" lon="0.49489">
        <ele>1427</ele>
        <time>2024-05-05T07:55:24+00:00</time>
      </trkpt>
      <trkpt lat="42.75018" lon="0.49507">
        <ele>1433</ele>
        <time>2024-05-05T07:55:27+00:00</time>
      </trkpt>
      <trkpt lat="42.74995" lon="0.49509">
        <ele>1446</ele>
        <time>2024-05-05T07:55:30+00:00</time>
      </trkpt>
      <trkpt lat="42.74989" lon="0.49485">
        <ele>1454</ele>
        <time>2024-05-05T07:55:33+00:00</time>
      </trkpt>
      <trkpt lat="42.7499" lon="0.49457">
        <ele>1458</ele>
        <time>2024-05-05T07:55:36+00:00</time>
      </trkpt>
      <trkpt lat="42.74974" lon="0.49476">
        <ele>1459</ele>
        <time>2024-05-05T07:55:39+00:00</time>
      </trkpt>
      <trkpt lat="42.74972" lon="0.49507">
        <ele>1460</ele>
        <time>2024-05-05T07:55:42+00:00</time>
      </trkpt>
      <trkpt lat="42.74962" lon="0.49524">
        <ele>1470</ele>
        <time>2024-05-05T07:55:45+00:00</time>
      </trkpt>
      <trkpt lat="42.74957" lon="0.49497">
        <ele>1477</ele>
        <time>2024-05-05T07:55:48+00:00</time>
      </trkpt>
      <trkpt lat="42.74946" lon="0.49459">
        <ele>1485</ele>
        <time>2024-05-05T07:55:51+00:00</time>
      </trkpt>
      <trkpt lat="42.74928" lon="0.49456">
        <ele>1491</ele>
        <time>2024-05-05T07:55:54+00:00</time>
      </trkpt>
      <trkpt lat="42.7492" lon="0.49427">
        <ele>1497</ele>
        <time>2024-05-05T07:55:57+00:00</time>
      </trkpt>
      <trkpt lat="42.74904" lon="0.49405">
        <ele>1507</ele>
        <time>2024-05-05T07:56:00+00:00</time>
      </trkpt>
      <trkpt lat="42.7489" lon="0.4938">
        <ele>1509</ele>
        <time>2024-05-05T07:56:03+00:00</time>
      </trkpt>
      <trkpt lat="42.74877" lon="0.49357">
        <ele>1512</ele>
        <time>2024-05-05T07:56:06+00:00</time>
      </trkpt>
      <trkpt lat="42.74858" lon="0.49338">
        <ele>1515</ele>
        <time>2024-05-05T07:56:09+00:00</time>
      </trkpt>
      <trkpt lat="42.7484" lon="0.49317">
        <ele>1517</ele>
        <time>2024-05-05T07:56:12+00:00</time>
      </trkpt>
      <trkpt lat="42.74822" lon="0.49299">
        <ele>1517</ele>
        <time>2024-05-05T07:56:15+00:00</time>
      </trkpt>
      <trkpt lat="42.74809" lon="0.49271">
        <ele>1509</ele>
        <time>2024-05-05T07:56:18+00:00</time>
      </trkpt>
      <trkpt lat="42.74801" lon="0.49244">
        <ele>1507</ele>
        <time>2024-05-05T07:56:21+00:00</time>
      </trkpt>
      <trkpt lat="42.74774" lon="0.49217">
        <ele>1508</ele>
        <time>2024-05-05T07:56:24+00:00</time>
      </trkpt>
      <trkpt lat="42.74757" lon="0.49198">
        <ele>1505</ele>
        <time>2024-05-05T07:56:27+00:00</time>
      </trkpt>
      <trkpt lat="42.74733" lon="0.49176">
        <ele>1502</ele>
        <time>2024-05-05T07:56:30+00:00</time>
      </trkpt>
      <trkpt lat="42.74704" lon="0.49144">
        <ele>1494</ele>
        <time>2024-05-05T07:56:33+00:00</time>
      </trkpt>
      <trkpt lat="42.74684" lon="0.49131">
        <ele>1492</ele>
        <time>2024-05-05T07:56:36+00:00</time>
      </trkpt>
      <trkpt lat="42.74652" lon="0.4912">
        <ele>1489</ele>
        <time>2024-05-05T07:56:39+00:00</time>
      </trkpt>
      <trkpt lat="42.74628" lon="0.49127">
        <ele>1488</ele>
        <time>2024-05-05T07:56:42+00:00</time>
      </trkpt>
      <trkpt lat="42.74594" lon="0.49127">
        <ele>1488</ele>
        <time>2024-05-05T07:56:45+00:00</time>
      </trkpt>
      <trkpt lat="42.74569" lon="0.49128">
        <ele>1488</ele>
        <time>2024-05-05T07:56:48+00:00</time>
      </trkpt>
      <trkpt lat="42.74549" lon="0.49116">
        <ele>1487</ele>
        <time>2024-05-05T07:56:51+00:00</time>
      </trkpt>
      <trkpt lat="42.74527" lon="0.49125">
        <ele>1487</ele>
        <time>2024-05-05T07:56:54+00:00</time>
      </trkpt>
      <trkpt lat="42.74505" lon="0.49138">
        <ele>1488</ele>
        <time>2024-05-05T07:56:57+00:00</time>
      </trkpt>
      <trkpt lat="42.74485" lon="0.49146">
        <ele>1492</ele>
        <time>2024-05-05T07:57:00+00:00</time>
      </trkpt>
      <trkpt lat="42.74469" lon="0.49154">
        <ele>1496</ele>
        <time>2024-05-05T07:57:03+00:00</time>
      </trkpt>
      <trkpt lat="42.74437" lon="0.49156">
        <ele>1499</ele>
        <time>2024-05-05T07:57:06+00:00</time>
      </trkpt>
      <trkpt lat="42.74418" lon="0.49167">
        <ele>1500</ele>
        <time>2024-05-05T07:57:09+00:00</time>
      </trkpt>
      <trkpt lat="42.74412" lon="0.49208">
        <ele>1508</ele>
        <time>2024-05-05T07:57:12+00:00</time>
      </trkpt>
      <trkpt lat="42.74404" lon="0.49238">
        <ele>1508</ele>
        <time>2024-05-05T07:57:15+00:00</time>
      </trkpt>
      <trkpt lat="42.7439" lon="0.4926">
        <ele>1509</ele>
        <time>2024-05-05T07:57:18+00:00</time>
      </trkpt>
      <trkpt lat="42.74389" lon="0.49306">
        <ele>1517</ele>
        <time>2024-05-05T07:57:21+00:00</time>
      </trkpt>
      <trkpt lat="42.74386" lon="0.49336">
        <ele>1523</ele>
        <time>2024-05-05T07:57:24+00:00</time>
      </trkpt>
      <trkpt lat="42.7438" lon="0.49366">
        <ele>1533</ele>
        <time>2024-05-05T07:57:27+00:00</time>
      </trkpt>
      <trkpt lat="42.74362" lon="0.49385">
        <ele>1534</ele>
        <time>2024-05-05T07:57:30+00:00</time>
      </trkpt>
      <trkpt lat="42.74346" lon="0.4941">
        <ele>1532</ele>
        <time>2024-05-05T07:57:33+00:00</time>
      </trkpt>
      <trkpt lat="42.74329" lon="0.49432">
        <ele>1534</ele>
        <time>2024-05-05T07:57:36+00:00</time>
      </trkpt>
      <trkpt lat="42.74319" lon="0.49474">
        <ele>1536</ele>
        <time>2024-05-05T07:57:39+00:00</time>
      </trkpt>
      <trkpt lat="42.74315" lon="0.49502">
        <ele>1543</ele>
        <time>2024-05-05T07:57:42+00:00</time>
      </trkpt>
      <trkpt lat="42.74292" lon="0.49545">
        <ele>1546</ele>
        <time>2024-05-05T07:57:45+00:00</time>
      </trkpt>
      <trkpt lat="42.74273" lon="0.49556">
        <ele>1550</ele>
        <time>2024-05-05T07:57:48+00:00</time>
      </trkpt>
      <trkpt lat="42.74256" lon="0.49584">
        <ele>1550</ele>
        <time>2024-05-05T07:57:51+00:00</time>
      </trkpt>
      <trkpt lat="42.74233" lon="0.496">
        <ele>1550</ele>
        <time>2024-05-05T07:57:54+00:00</time>
      </trkpt>
      <trkpt lat="42.74212" lon="0.49622">
        <ele>1559</ele>
        <time>2024-05-05T07:57:57+00:00</time>
      </trkpt>
      <trkpt lat="42.74194" lon="0.49665">
        <ele>1562</ele>
        <time>2024-05-05T07:58:00+00:00</time>
      </trkpt>
      <trkpt lat="42.74181" lon="0.49684">
        <ele>1569</ele>
        <time>2024-05-05T07:58:03+00:00</time>
      </trkpt>
      <trkpt lat="42.74157" lon="0.49686">
        <ele>1574</ele>
        <time>2024-05-05T07:58:06+00:00</time>
      </trkpt>
      <trkpt lat="42.74143" lon="0.49705">
        <ele>1580</ele>
        <time>2024-05-05T07:58:09+00:00</time>
      </trkpt>
      <trkpt lat="42.74133" lon="0.49728">
        <ele>1586</ele>
        <time>2024-05-05T07:58:12+00:00</time>
      </trkpt>
      <trkpt lat="42.74157" lon="0.49724">
        <ele>1592</ele>
        <time>2024-05-05T07:58:15+00:00</time>
      </trkpt>
      <trkpt lat="42.74144" lon="0.4975">
        <ele>1601</ele>
        <time>2024-05-05T07:58:18+00:00</time>
      </trkpt>
      <trkpt lat="42.74154" lon="0.49762">
        <ele>1609</ele>
        <time>2024-05-05T07:58:21+00:00</time>
      </trkpt>
      <trkpt lat="42.74151" lon="0.49782">
        <ele>1612</ele>
        <time>2024-05-05T07:58:24+00:00</time>
      </trkpt>
      <trkpt lat="42.74174" lon="0.49778">
        <ele>1616</ele>
        <time>2024-05-05T07:58:27+00:00</time>
      </trkpt>
      <trkpt lat="42.74159" lon="0.49804">
        <ele>1628</ele>
        <time>2024-05-05T07:58:30+00:00</time>
      </trkpt>
      <trkpt lat="42.74159" lon="0.49816">
        <ele>1635</ele>
        <time>2024-05-05T07:58:33+00:00</time>
      </trkpt>
      <trkpt lat="42.7418" lon="0.49832">
        <ele>1644</ele>
        <time>2024-05-05T07:58:36+00:00</time>
      </trkpt>
      <trkpt lat="42.74153" lon="0.49831">
        <ele>1656</ele>
        <time>2024-05-05T07:58:39+00:00</time>
      </trkpt>
      <trkpt lat="42.74171" lon="0.4985">
        <ele>1659</ele>
        <time>2024-05-05T07:58:42+00:00</time>
      </trkpt>
      <trkpt lat="42.74151" lon="0.49847">
        <ele>1663</ele>
        <time>2024-05-05T07:58:45+00:00</time>
      </trkpt>
      <trkpt lat="42.74112" lon="0.49859">
        <ele>1666</ele>
        <time>2024-05-05T07:58:48+00:00</time>
      </trkpt>
      <trkpt lat="42.74093" lon="0.49881">
        <ele>1685</ele>
        <time>2024-05-05T07:58:51+00:00</time>
      </trkpt>
      <trkpt lat="42.74073" lon="0.49891">
        <ele>1687</ele>
        <time>2024-05-05T07:58:54+00:00</time>
      </trkpt>
      <trkpt lat="42.74048" lon="0.49894">
        <ele>1690</ele>
        <time>2024-05-05T07:58:57+00:00</time>
      </trkpt>
      <trkpt lat="42.74025" lon="0.49896">
        <ele>1689</ele>
        <time>2024-05-05T07:59:00+00:00</time>
      </trkpt>
      <trkpt lat="42.74002" lon="0.49897">
        <ele>1689</ele>
        <time>2024-05-05T07:59:03+00:00</time>
      </trkpt>
      <trkpt lat="42.73968" lon="0.49898">
        <ele>1690</ele>
        <time>2024-05-05T07:59:06+00:00</time>
      </trkpt>
      <trkpt lat="42.73945" lon="0.49893">
        <ele>1689</ele>
        <time>2024-05-05T07:59:09+00:00</time>
      </trkpt>
      <trkpt lat="42.73924" lon="0.49896">
        <ele>1689</ele>
        <time>2024-05-05T07:59:12+00:00</time>
      </trkpt>
      <trkpt lat="42.73909" lon="0.49919">
        <ele>1692</ele>
        <time>2024-05-05T07:59:15+00:00</time>
      </trkpt>
      <trkpt lat="42.73892" lon="0.49934">
        <ele>1695</ele>
        <time>2024-05-05T07:59:18+00:00</time>
      </trkpt>
      <trkpt lat="42.73875" lon="0.49917">
        <ele>1696</ele>
        <time>2024-05-05T07:59:21+00:00</time>
      </trkpt>
      <trkpt lat="42.73848" lon="0.49895">
        <ele>1694</ele>
        <time>2024-05-05T07:59:24+00:00</time>
      </trkpt>
      <trkpt lat="42.73826" lon="0.49899">
        <ele>1695</ele>
        <time>2024-05-05T07:59:27+00:00</time>
      </trkpt>
      <trkpt lat="42.73804" lon="0.4991">
        <ele>1697</ele>
        <time>2024-05-05T07:59:30+00:00</time>
      </trkpt>
      <trkpt lat="42.73785" lon="0.49925">
        <ele>1701</ele>
        <time>2024-05-05T07:59:33+00:00</time>
      </trkpt>
      <trkpt lat="42.73767" lon="0.49914">
        <ele>1713</ele>
        <time>2024-05-05T07:59:36+00:00</time>
      </trkpt>
      <trkpt lat="42.73758" lon="0.49893">
        <ele>1723</ele>
        <time>2024-05-05T07:59:39+00:00</time>
      </trkpt>
      <trkpt lat="42.73738" lon="0.49877">
        <ele>1726</ele>
        <time>2024-05-05T07:59:42+00:00</time>
      </trkpt>
      <trkpt lat="42.73722" lon="0.4989">
        <ele>1736</ele>
        <time>2024-05-05T07:59:45+00:00</time>
      </trkpt>
      <trkpt lat="42.73707" lon="0.49872">
        <ele>1739</ele>
        <time>2024-05-05T07:59:48+00:00</time>
      </trkpt>
      <trkpt lat="42.73698" lon="0.49897">
        <ele>1747</ele>
        <time>2024-05-05T07:59:51+00:00</time>
      </trkpt>
      <trkpt lat="42.73711" lon="0.49921">
        <ele>1748</ele>
        <time>2024-05-05T07:59:54+00:00</time>
      </trkpt>
      <trkpt lat="42.73686" lon="0.49935">
        <ele>1764</ele>
        <time>2024-05-05T07:59:57+00:00</time>
      </trkpt>
      <trkpt lat="42.73666" lon="0.49921">
        <ele>1768</ele>
        <time>2024-05-05T08:00:00+00:00</time>
      </trkpt>
      <trkpt lat="42.73644" lon="0.49917">
        <ele>1769</ele>
        <time>2024-05-05T08:00:03+00:00</time>
      </trkpt>
      <trkpt lat="42.73625" lon="0.49924">
        <ele>1779</ele>
        <time>2024-05-05T08:00:06+00:00</time>
      </trkpt>
      <trkpt lat="42.73607" lon="0.49927">
        <ele>1782</ele>
        <time>2024-05-05T08:00:09+00:00</time>
      </trkpt>
      <trkpt lat="42.73589" lon="0.49943">
        <ele>1789</ele>
        <time>2024-05-05T08:00:12+00:00</time>
      </trkpt>
      <trkpt lat="42.73566" lon="0.49938">
        <ele>1796</ele>
        <time>2024-05-05T08:00:15+00:00</time>
      </trkpt>
      <trkpt lat="42.73558" lon="0.49951">
        <ele>1808</ele>
        <time>2024-05-05T08:00:18+00:00</time>
      </trkpt>
      <trkpt lat="42.73538" lon="0.49956">
        <ele>1813</ele>
        <time>2024-05-05T08:00:21+00:00</time>
      </trkpt>
      <trkpt lat="42.73517" lon="0.49962">
        <ele>1820</ele>
        <time>2024-05-05T08:00:24+00:00</time>
      </trkpt>
      <trkpt lat="42.73502" lon="0.49972">
        <ele>1827</ele>
        <time>2024-05-05T08:00:27+00:00</time>
      </trkpt>
      <trkpt lat="42.73481" lon="0.49973">
        <ele>1832</ele>
        <time>2024-05-05T08:00:30+00:00</time>
      </trkpt>
      <trkpt lat="42.73463" lon="0.49957">
        <ele>1838</ele>
        <time>2024-05-05T08:00:33+00:00</time>
      </trkpt>
      <trkpt lat="42.73449" lon="0.4999">
        <ele>1847</ele>
        <time>2024-05-05T08:00:36+00:00</time>
      </trkpt>
      <trkpt lat="42.73428" lon="0.49998">
        <ele>1850</ele>
        <time>2024-05-05T08:00:39+00:00</time>
      </trkpt>
      <trkpt lat="42.73407" lon="0.49994">
        <ele>1858</ele>
        <time>2024-05-05T08:00:42+00:00</time>
      </trkpt>
      <trkpt lat="42.73385" lon="0.49989">
        <ele>1867</ele>
        <time>2024-05-05T08:00:45+00:00</time>
      </trkpt>
      <trkpt lat="42.73362" lon="0.49998">
        <ele>1876</ele>
        <time>2024-05-05T08:00:48+00:00</time>
      </trkpt>
      <trkpt lat="42.73346" lon="0.5002">
        <ele>1881</ele>
        <time>2024-05-05T08:00:51+00:00</time>
      </trkpt>
      <trkpt lat="42.73326" lon="0.50016">
        <ele>1886</ele>
        <time>2024-05-05T08:00:54+00:00</time>
      </trkpt>
      <trkpt lat="42.73295" lon="0.50021">
        <ele>1892</ele>
        <time>2024-05-05T08:00:57+00:00</time>
      </trkpt>
      <trkpt lat="42.73273" lon="0.50028">
        <ele>1896</ele>
        <time>2024-05-05T08:01:00+00:00</time>
      </trkpt>
      <trkpt lat="42.73251" lon="0.50047">
        <ele>1897</ele>
        <time>2024-05-05T08:01:03+00:00</time>
      </trkpt>
      <trkpt lat="42.73227" lon="0.50053">
        <ele>1900</ele>
        <time>2024-05-05T08:01:06+00:00</time>
      </trkpt>
      <trkpt lat="42.73243" lon="0.5007">
        <ele>1904</ele>
        <time>2024-05-05T08:01:09+00:00</time>
      </trkpt>
      <trkpt lat="42.73272" lon="0.5007">
        <ele>1904</ele>
        <time>2024-05-05T08:01:12+00:00</time>
      </trkpt>
      <trkpt lat="42.733" lon="0.50063">
        <ele>1903</ele>
        <time>2024-05-05T08:01:15+00:00</time>
      </trkpt>
      <trkpt lat="42.73323" lon="0.50069">
        <ele>1903</ele>
        <time>2024-05-05T08:01:18+00:00</time>
      </trkpt>
      <trkpt lat="42.73344" lon="0.50069">
        <ele>1905</ele>
        <time>2024-05-05T08:01:21+00:00</time>
      </trkpt>
      <trkpt lat="42.73394" lon="0.5009">
        <ele>1910</ele>
        <time>2024-05-05T08:01:24+00:00</time>
      </trkpt>
      <trkpt lat="42.73414" lon="0.50098">
        <ele>1916</ele>
        <time>2024-05-05T08:01:27+00:00</time>
      </trkpt>
      <trkpt lat="42.73437" lon="0.50118">
        <ele>1919</ele>
        <time>2024-05-05T08:01:30+00:00</time>
      </trkpt>
      <trkpt lat="42.73462" lon="0.5014">
        <ele>1918</ele>
        <time>2024-05-05T08:01:33+00:00</time>
      </trkpt>
      <trkpt lat="42.73489" lon="0.50148">
        <ele>1918</ele>
        <time>2024-05-05T08:01:36+00:00</time>
      </trkpt>
      <trkpt lat="42.73529" lon="0.50157">
        <ele>1918</ele>
        <time>2024-05-05T08:01:39+00:00</time>
      </trkpt>
      <trkpt lat="42.73557" lon="0.50166">
        <ele>1918</ele>
        <time>2024-05-05T08:01:42+00:00</time>
      </trkpt>
      <trkpt lat="42.73581" lon="0.5018">
        <ele>1918</ele>
        <time>2024-05-05T08:01:45+00:00</time>
      </trkpt>
      <trkpt lat="42.736" lon="0.50188">
        <ele>1918</ele>
        <time>2024-05-05T08:01:48+00:00</time>
      </trkpt>
      <trkpt lat="42.73624" lon="0.50197">
        <ele>1923</ele>
        <time>2024-05-05T08:01:51+00:00</time>
      </trkpt>
      <trkpt lat="42.73655" lon="0.50222">
        <ele>1927</ele>
        <time>2024-05-05T08:01:54+00:00</time>
      </trkpt>
      <trkpt lat="42.73674" lon="0.50235">
        <ele>1932</ele>
        <time>2024-05-05T08:01:57+00:00</time>
      </trkpt>
      <trkpt lat="42.73701" lon="0.5025">
        <ele>1932</ele>
        <time>2024-05-05T08:02:00+00:00</time>
      </trkpt>
      <trkpt lat="42.73716" lon="0.50272">
        <ele>1944</ele>
        <time>2024-05-05T08:02:03+00:00</time>
      </trkpt>
      <trkpt lat="42.73733" lon="0.50286">
        <ele>1944</ele>
        <time>2024-05-05T08:02:06+00:00</time>
      </trkpt>
      <trkpt lat="42.73751" lon="0.50298">
        <ele>1946</ele>
        <time>2024-05-05T08:02:09+00:00</time>
      </trkpt>
      <trkpt lat="42.73772" lon="0.50298">
        <ele>1949</ele>
        <time>2024-05-05T08:02:12+00:00</time>
      </trkpt>
      <trkpt lat="42.73783" lon="0.5032">
        <ele>1959</ele>
        <time>2024-05-05T08:02:15+00:00</time>
      </trkpt>
      <trkpt lat="42.73767" lon="0.50326">
        <ele>1959</ele>
        <time>2024-05-05T08:02:18+00:00</time>
      </trkpt>
      <trkpt lat="42.7378" lon="0.50351">
        <ele>1973</ele>
        <time>2024-05-05T08:02:21+00:00</time>
      </trkpt>
      <trkpt lat="42.73771" lon="0.50364">
        <ele>1976</ele>
        <time>2024-05-05T08:02:24+00:00</time>
      </trkpt>
      <trkpt lat="42.73782" lon="0.50389">
        <ele>1985</ele>
        <time>2024-05-05T08:02:27+00:00</time>
      </trkpt>
      <trkpt lat="42.73798" lon="0.50409">
        <ele>1993</ele>
        <time>2024-05-05T08:02:30+00:00</time>
      </trkpt>
      <trkpt lat="42.73774" lon="0.50413">
        <ele>2000</ele>
        <time>2024-05-05T08:02:33+00:00</time>
      </trkpt>
      <trkpt lat="42.73786" lon="0.50437">
        <ele>2009</ele>
        <time>2024-05-05T08:02:36+00:00</time>
      </trkpt>
      <trkpt lat="42.73805" lon="0.50452">
        <ele>2012</ele>
        <time>2024-05-05T08:02:39+00:00</time>
      </trkpt>
      <trkpt lat="42.73822" lon="0.50476">
        <ele>2018</ele>
        <time>2024-05-05T08:02:42+00:00</time>
      </trkpt>
      <trkpt lat="42.73837" lon="0.50495">
        <ele>2022</ele>
        <time>2024-05-05T08:02:45+00:00</time>
      </trkpt>
      <trkpt lat="42.7386" lon="0.50496">
        <ele>2027</ele>
        <time>2024-05-05T08:02:48+00:00</time>
      </trkpt>
      <trkpt lat="42.73879" lon="0.50504">
        <ele>2033</ele>
        <time>2024-05-05T08:02:51+00:00</time>
      </trkpt>
      <trkpt lat="42.73888" lon="0.5052">
        <ele>2046</ele>
        <time>2024-05-05T08:02:54+00:00</time>
      </trkpt>
      <trkpt lat="42.739" lon="0.50529">
        <ele>2049</ele>
        <time>2024-05-05T08:02:57+00:00</time>
      </trkpt>
      <trkpt lat="42.7392" lon="0.50522">
        <ele>2053</ele>
        <time>2024-05-05T08:03:00+00:00</time>
      </trkpt>
      <trkpt lat="42.73942" lon="0.50512">
        <ele>2059</ele>
        <time>2024-05-05T08:03:03+00:00</time>
      </trkpt>
      <trkpt lat="42.73965" lon="0.50516">
        <ele>2063</ele>
        <time>2024-05-05T08:03:06+00:00</time>
      </trkpt>
      <trkpt lat="42.73972" lon="0.50531">
        <ele>2078</ele>
        <time>2024-05-05T08:03:09+00:00</time>
      </trkpt>
      <trkpt lat="42.73999" lon="0.50549">
        <ele>2085</ele>
        <time>2024-05-05T08:03:12+00:00</time>
      </trkpt>
      <trkpt lat="42.74" lon="0.50563">
        <ele>2098</ele>
        <time>2024-05-05T08:03:15+00:00</time>
      </trkpt>
      <trkpt lat="42.74013" lon="0.50577">
        <ele>2102</ele>
        <time>2024-05-05T08:03:18+00:00</time>
      </trkpt>
      <trkpt lat="42.74045" lon="0.50581">
        <ele>2111</ele>
        <time>2024-05-05T08:03:21+00:00</time>
      </trkpt>
      <trkpt lat="42.74064" lon="0.50582">
        <ele>2119</ele>
        <time>2024-05-05T08:03:24+00:00</time>
      </trkpt>
      <trkpt lat="42.74078" lon="0.50586">
        <ele>2122</ele>
        <time>2024-05-05T08:03:27+00:00</time>
      </trkpt>
      <trkpt lat="42.74094" lon="0.50594">
        <ele>2135</ele>
        <time>2024-05-05T08:03:30+00:00</time>
      </trkpt>
      <trkpt lat="42.74073" lon="0.50626">
        <ele>2143</ele>
        <time>2024-05-05T08:03:33+00:00</time>
      </trkpt>
      <trkpt lat="42.74061" lon="0.50649">
        <ele>2148</ele>
        <time>2024-05-05T08:03:36+00:00</time>
      </trkpt>
      <trkpt lat="42.74092" lon="0.50646">
        <ele>2158</ele>
        <time>2024-05-05T08:03:39+00:00</time>
      </trkpt>
      <trkpt lat="42.74099" lon="0.50658">
        <ele>2165</ele>
        <time>2024-05-05T08:03:42+00:00</time>
      </trkpt>
      <trkpt lat="42.74102" lon="0.50675">
        <ele>2175</ele>
        <time>2024-05-05T08:03:45+00:00</time>
      </trkpt>
      <trkpt lat="42.74096" lon="0.50696">
        <ele>2183</ele>
        <time>2024-05-05T08:03:48+00:00</time>
      </trkpt>
      <trkpt lat="42.74101" lon="0.50715">
        <ele>2195</ele>
        <time>2024-05-05T08:03:51+00:00</time>
      </trkpt>
      <trkpt lat="42.74111" lon="0.50728">
        <ele>2198</ele>
        <time>2024-05-05T08:03:54+00:00</time>
      </trkpt>
      <trkpt lat="42.74133" lon="0.50741">
        <ele>2212</ele>
        <time>2024-05-05T08:03:57+00:00</time>
      </trkpt>
      <trkpt lat="42.74156" lon="0.50752">
        <ele>2219</ele>
        <time>2024-05-05T08:04:00+00:00</time>
      </trkpt>
      <trkpt lat="42.74141" lon="0.50764">
        <ele>2226</ele>
        <time>2024-05-05T08:04:03+00:00</time>
      </trkpt>
      <trkpt lat="42.74123" lon="0.50775">
        <ele>2235</ele>
        <time>2024-05-05T08:04:06+00:00</time>
      </trkpt>
      <trkpt lat="42.74165" lon="0.50804">
        <ele>2252</ele>
        <time>2024-05-05T08:04:09+00:00</time>
      </trkpt>
      <trkpt lat="42.74187" lon="0.5082">
        <ele>2259</ele>
        <time>2024-05-05T08:04:12+00:00</time>
      </trkpt>
      <trkpt lat="42.74206" lon="0.50835">
        <ele>2264</ele>
        <time>2024-05-05T08:04:15+00:00</time>
      </trkpt>
      <trkpt lat="42.74186" lon="0.50846">
        <ele>2262</ele>
        <time>2024-05-05T08:04:18+00:00</time>
      </trkpt>
      <trkpt lat="42.74207" lon="0.5087">
        <ele>2261</ele>
        <time>2024-05-05T08:04:21+00:00</time>
      </trkpt>
      <trkpt lat="42.74204" lon="0.50885">
        <ele>2255</ele>
        <time>2024-05-05T08:04:24+00:00</time>
      </trkpt>
      <trkpt lat="42.74184" lon="0.5091">
        <ele>2237</ele>
        <time>2024-05-05T08:04:27+00:00</time>
      </trkpt>
      <trkpt lat="42.74165" lon="0.50947">
        <ele>2224</ele>
        <time>2024-05-05T08:04:30+00:00</time>
      </trkpt>
      <trkpt lat="42.7415" lon="0.50983">
        <ele>2208</ele>
        <time>2024-05-05T08:04:33+00:00</time>
      </trkpt>
      <trkpt lat="42.74134" lon="0.51012">
        <ele>2206</ele>
        <time>2024-05-05T08:04:36+00:00</time>
      </trkpt>
      <trkpt lat="42.74136" lon="0.51043">
        <ele>2204</ele>
        <time>2024-05-05T08:04:39+00:00</time>
      </trkpt>
      <trkpt lat="42.74144" lon="0.51069">
        <ele>2199</ele>
        <time>2024-05-05T08:04:42+00:00</time>
      </trkpt>
      <trkpt lat="42.74151" lon="0.51103">
        <ele>2193</ele>
        <time>2024-05-05T08:04:45+00:00</time>
      </trkpt>
      <trkpt lat="42.74156" lon="0.51142">
        <ele>2193</ele>
        <time>2024-05-05T08:04:48+00:00</time>
      </trkpt>
      <trkpt lat="42.74161" lon="0.51172">
        <ele>2192</ele>
        <time>2024-05-05T08:04:51+00:00</time>
      </trkpt>
      <trkpt lat="42.74165" lon="0.5122">
        <ele>2191</ele>
        <time>2024-05-05T08:04:54+00:00</time>
      </trkpt>
      <trkpt lat="42.7417" lon="0.51251">
        <ele>2188</ele>
        <time>2024-05-05T08:04:57+00:00</time>
      </trkpt>
      <trkpt lat="42.74169" lon="0.51288">
        <ele>2185</ele>
        <time>2024-05-05T08:05:00+00:00</time>
      </trkpt>
      <trkpt lat="42.74182" lon="0.51314">
        <ele>2170</ele>
        <time>2024-05-05T08:05:03+00:00</time>
      </trkpt>
      <trkpt lat="42.7419" lon="0.51353">
        <ele>2166</ele>
        <time>2024-05-05T08:05:06+00:00</time>
      </trkpt>
      <trkpt lat="42.74196" lon="0.51396">
        <ele>2166</ele>
        <time>2024-05-05T08:05:09+00:00</time>
      </trkpt>
      <trkpt lat="42.74208" lon="0.51448">
        <ele>2165</ele>
        <time>2024-05-05T08:05:12+00:00</time>
      </trkpt>
      <trkpt lat="42.74225" lon="0.51481">
        <ele>2156</ele>
        <time>2024-05-05T08:05:15+00:00</time>
      </trkpt>
      <trkpt lat="42.74248" lon="0.51496">
        <ele>2143</ele>
        <time>2024-05-05T08:05:18+00:00</time>
      </trkpt>
      <trkpt lat="42.74271" lon="0.51516">
        <ele>2135</ele>
        <time>2024-05-05T08:05:21+00:00</time>
      </trkpt>
      <trkpt lat="42.74283" lon="0.51538">
        <ele>2128</ele>
        <time>2024-05-05T08:05:24+00:00</time>
      </trkpt>
      <trkpt lat="42.74312" lon="0.51573">
        <ele>2127</ele>
        <time>2024-05-05T08:05:27+00:00</time>
      </trkpt>
      <trkpt lat="42.74335" lon="0.51591">
        <ele>2127</ele>
        <time>2024-05-05T08:05:30+00:00</time>
      </trkpt>
      <trkpt lat="42.74353" lon="0.51618">
        <ele>2128</ele>
        <time>2024-05-05T08:05:33+00:00</time>
      </trkpt>
      <trkpt lat="42.74374" lon="0.51632">
        <ele>2127</ele>
        <time>2024-05-05T08:05:36+00:00</time>
      </trkpt>
      <trkpt lat="42.74396" lon="0.51649">
        <ele>2127</ele>
        <time>2024-05-05T08:05:39+00:00</time>
      </trkpt>
      <trkpt lat="42.74418" lon="0.51677">
        <ele>2127</ele>
        <time>2024-05-05T08:05:42+00:00</time>
      </trkpt>
      <trkpt lat="42.74438" lon="0.51691">
        <ele>2127</ele>
        <time>2024-05-05T08:05:45+00:00</time>
      </trkpt>
      <trkpt lat="42.74456" lon="0.51706">
        <ele>2127</ele>
        <time>2024-05-05T08:05:48+00:00</time>
      </trkpt>
      <trkpt lat="42.74476" lon="0.5171">
        <ele>2130</ele>
        <time>2024-05-05T08:05:51+00:00</time>
      </trkpt>
      <trkpt lat="42.74499" lon="0.5173">
        <ele>2130</ele>
        <time>2024-05-05T08:05:54+00:00</time>
      </trkpt>
      <trkpt lat="42.74518" lon="0.51744">
        <ele>2130</ele>
        <time>2024-05-05T08:05:57+00:00</time>
      </trkpt>
      <trkpt lat="42.74547" lon="0.51771">
        <ele>2135</ele>
        <time>2024-05-05T08:06:00+00:00</time>
      </trkpt>
      <trkpt lat="42.74558" lon="0.51809">
        <ele>2146</ele>
        <time>2024-05-05T08:06:03+00:00</time>
      </trkpt>
      <trkpt lat="42.74575" lon="0.51833">
        <ele>2148</ele>
        <time>2024-05-05T08:06:06+00:00</time>
      </trkpt>
      <trkpt lat="42.74592" lon="0.51847">
        <ele>2151</ele>
        <time>2024-05-05T08:06:09+00:00</time>
      </trkpt>
      <trkpt lat="42.74621" lon="0.51872">
        <ele>2158</ele>
        <time>2024-05-05T08:06:12+00:00</time>
      </trkpt>
      <trkpt lat="42.74645" lon="0.51882">
        <ele>2161</ele>
        <time>2024-05-05T08:06:15+00:00</time>
      </trkpt>
      <trkpt lat="42.74667" lon="0.51876">
        <ele>2161</ele>
        <time>2024-05-05T08:06:18+00:00</time>
      </trkpt>
      <trkpt lat="42.74673" lon="0.51889">
        <ele>2168</ele>
        <time>2024-05-05T08:06:21+00:00</time>
      </trkpt>
      <trkpt lat="42.74658" lon="0.51925">
        <ele>2181</ele>
        <time>2024-05-05T08:06:24+00:00</time>
      </trkpt>
      <trkpt lat="42.74651" lon="0.51953">
        <ele>2194</ele>
        <time>2024-05-05T08:06:27+00:00</time>
      </trkpt>
      <trkpt lat="42.7465" lon="0.51971">
        <ele>2198</ele>
        <time>2024-05-05T08:06:30+00:00</time>
      </trkpt>
      <trkpt lat="42.7467" lon="0.5197">
        <ele>2199</ele>
        <time>2024-05-05T08:06:33+00:00</time>
      </trkpt>
      <trkpt lat="42.7468" lon="0.51979">
        <ele>2200</ele>
        <time>2024-05-05T08:06:36+00:00</time>
      </trkpt>
      <trkpt lat="42.74683" lon="0.52013">
        <ele>2212</ele>
        <time>2024-05-05T08:06:39+00:00</time>
      </trkpt>
      <trkpt lat="42.74678" lon="0.52046">
        <ele>2214</ele>
        <time>2024-05-05T08:06:42+00:00</time>
      </trkpt>
      <trkpt lat="42.74679" lon="0.52078">
        <ele>2214</ele>
        <time>2024-05-05T08:06:45+00:00</time>
      </trkpt>
      <trkpt lat="42.74687" lon="0.52114">
        <ele>2211</ele>
        <time>2024-05-05T08:06:48+00:00</time>
      </trkpt>
      <trkpt lat="42.74675" lon="0.52138">
        <ele>2208</ele>
        <time>2024-05-05T08:06:51+00:00</time>
      </trkpt>
      <trkpt lat="42.74656" lon="0.5215">
        <ele>2203</ele>
        <time>2024-05-05T08:06:54+00:00</time>
      </trkpt>
      <trkpt lat="42.7471" lon="0.52162">
        <ele>2188</ele>
        <time>2024-05-05T08:06:57+00:00</time>
      </trkpt>
      <trkpt lat="42.74703" lon="0.52187">
        <ele>2185</ele>
        <time>2024-05-05T08:07:00+00:00</time>
      </trkpt>
      <trkpt lat="42.74683" lon="0.52228">
        <ele>2176</ele>
        <time>2024-05-05T08:07:03+00:00</time>
      </trkpt>
      <trkpt lat="42.74681" lon="0.52268">
        <ele>2169</ele>
        <time>2024-05-05T08:07:06+00:00</time>
      </trkpt>
      <trkpt lat="42.74705" lon="0.52303">
        <ele>2163</ele>
        <time>2024-05-05T08:07:09+00:00</time>
      </trkpt>
      <trkpt lat="42.74726" lon="0.52339">
        <ele>2159</ele>
        <time>2024-05-05T08:07:12+00:00</time>
      </trkpt>
      <trkpt lat="42.74737" lon="0.52374">
        <ele>2156</ele>
        <time>2024-05-05T08:07:15+00:00</time>
      </trkpt>
      <trkpt lat="42.74742" lon="0.52401">
        <ele>2156</ele>
        <time>2024-05-05T08:07:18+00:00</time>
      </trkpt>
      <trkpt lat="42.74757" lon="0.5244">
        <ele>2156</ele>
        <time>2024-05-05T08:07:21+00:00</time>
      </trkpt>
      <trkpt lat="42.7477" lon="0.5247">
        <ele>2153</ele>
        <time>2024-05-05T08:07:24+00:00</time>
      </trkpt>
      <trkpt lat="42.74791" lon="0.52485">
        <ele>2150</ele>
        <time>2024-05-05T08:07:27+00:00</time>
      </trkpt>
      <trkpt lat="42.74812" lon="0.52502">
        <ele>2150</ele>
        <time>2024-05-05T08:07:30+00:00</time>
      </trkpt>
      <trkpt lat="42.74831" lon="0.52522">
        <ele>2150</ele>
        <time>2024-05-05T08:07:33+00:00</time>
      </trkpt>
      <trkpt lat="42.74852" lon="0.5254">
        <ele>2150</ele>
        <time>2024-05-05T08:07:36+00:00</time>
      </trkpt>
      <trkpt lat="42.74874" lon="0.52554">
        <ele>2150</ele>
        <time>2024-05-05T08:07:39+00:00</time>
      </trkpt>
      <trkpt lat="42.74903" lon="0.52576">
        <ele>2151</ele>
        <time>2024-05-05T08:07:42+00:00</time>
      </trkpt>
      <trkpt lat="42.74923" lon="0.52589">
        <ele>2154</ele>
        <time>2024-05-05T08:07:45+00:00</time>
      </trkpt>
      <trkpt lat="42.74956" lon="0.52586">
        <ele>2157</ele>
        <time>2024-05-05T08:07:48+00:00</time>
      </trkpt>
      <trkpt lat="42.74979" lon="0.52586">
        <ele>2163</ele>
        <time>2024-05-05T08:07:51+00:00</time>
      </trkpt>
      <trkpt lat="42.74994" lon="0.52567">
        <ele>2164</ele>
        <time>2024-05-05T08:07:54+00:00</time>
      </trkpt>
      <trkpt lat="42.75017" lon="0.52572">
        <ele>2171</ele>
        <time>2024-05-05T08:07:57+00:00</time>
      </trkpt>
      <trkpt lat="42.75045" lon="0.52576">
        <ele>2174</ele>
        <time>2024-05-05T08:08:00+00:00</time>
      </trkpt>
      <trkpt lat="42.75065" lon="0.52598">
        <ele>2172</ele>
        <time>2024-05-05T08:08:03+00:00</time>
      </trkpt>
      <trkpt lat="42.75086" lon="0.52641">
        <ele>2171</ele>
        <time>2024-05-05T08:08:06+00:00</time>
      </trkpt>
      <trkpt lat="42.75099" lon="0.52671">
        <ele>2174</ele>
        <time>2024-05-05T08:08:09+00:00</time>
      </trkpt>
      <trkpt lat="42.75105" lon="0.527">
        <ele>2177</ele>
        <time>2024-05-05T08:08:12+00:00</time>
      </trkpt>
      <trkpt lat="42.75111" lon="0.52729">
        <ele>2179</ele>
        <time>2024-05-05T08:08:15+00:00</time>
      </trkpt>
      <trkpt lat="42.75129" lon="0.5276">
        <ele>2188</ele>
        <time>2024-05-05T08:08:18+00:00</time>
      </trkpt>
      <trkpt lat="42.75157" lon="0.52779">
        <ele>2190</ele>
        <time>2024-05-05T08:08:21+00:00</time>
      </trkpt>
      <trkpt lat="42.75125" lon="0.52786">
        <ele>2199</ele>
        <time>2024-05-05T08:08:24+00:00</time>
      </trkpt>
      <trkpt lat="42.75134" lon="0.52801">
        <ele>2209</ele>
        <time>2024-05-05T08:08:27+00:00</time>
      </trkpt>
      <trkpt lat="42.75164" lon="0.52811">
        <ele>2211</ele>
        <time>2024-05-05T08:08:30+00:00</time>
      </trkpt>
      <trkpt lat="42.75184" lon="0.52811">
        <ele>2212</ele>
        <time>2024-05-05T08:08:33+00:00</time>
      </trkpt>
      <trkpt lat="42.75182" lon="0.52826">
        <ele>2217</ele>
        <time>2024-05-05T08:08:36+00:00</time>
      </trkpt>
      <trkpt lat="42.75155" lon="0.52845">
        <ele>2228</ele>
        <time>2024-05-05T08:08:39+00:00</time>
      </trkpt>
      <trkpt lat="42.75133" lon="0.52844">
        <ele>2231</ele>
        <time>2024-05-05T08:08:42+00:00</time>
      </trkpt>
      <trkpt lat="42.7514" lon="0.52866">
        <ele>2242</ele>
        <time>2024-05-05T08:08:45+00:00</time>
      </trkpt>
      <trkpt lat="42.75125" lon="0.52883">
        <ele>2251</ele>
        <time>2024-05-05T08:08:48+00:00</time>
      </trkpt>
      <trkpt lat="42.75139" lon="0.52893">
        <ele>2257</ele>
        <time>2024-05-05T08:08:51+00:00</time>
      </trkpt>
      <trkpt lat="42.75119" lon="0.52917">
        <ele>2264</ele>
        <time>2024-05-05T08:08:54+00:00</time>
      </trkpt>
      <trkpt lat="42.75097" lon="0.52931">
        <ele>2267</ele>
        <time>2024-05-05T08:08:57+00:00</time>
      </trkpt>
      <trkpt lat="42.75086" lon="0.52961">
        <ele>2262</ele>
        <time>2024-05-05T08:09:00+00:00</time>
      </trkpt>
      <trkpt lat="42.75093" lon="0.53007">
        <ele>2257</ele>
        <time>2024-05-05T08:09:03+00:00</time>
      </trkpt>
      <trkpt lat="42.75091" lon="0.53028">
        <ele>2249</ele>
        <time>2024-05-05T08:09:06+00:00</time>
      </trkpt>
      <trkpt lat="42.75072" lon="0.53035">
        <ele>2244</ele>
        <time>2024-05-05T08:09:09+00:00</time>
      </trkpt>
      <trkpt lat="42.75061" lon="0.53072">
        <ele>2236</ele>
        <time>2024-05-05T08:09:12+00:00</time>
      </trkpt>
      <trkpt lat="42.75046" lon="0.53091">
        <ele>2233</ele>
        <time>2024-05-05T08:09:15+00:00</time>
      </trkpt>
      <trkpt lat="42.75037" lon="0.53115">
        <ele>2229</ele>
        <time>2024-05-05T08:09:18+00:00</time>
      </trkpt>
      <trkpt lat="42.75024" lon="0.53148">
        <ele>2222</ele>
        <time>2024-05-05T08:09:21+00:00</time>
      </trkpt>
      <trkpt lat="42.75019" lon="0.53184">
        <ele>2212</ele>
        <time>2024-05-05T08:09:24+00:00</time>
      </trkpt>
      <trkpt lat="42.75031" lon="0.53222">
        <ele>2204</ele>
        <time>2024-05-05T08:09:27+00:00</time>
      </trkpt>
      <trkpt lat="42.75046" lon="0.53256">
        <ele>2200</ele>
        <time>2024-05-05T08:09:30+00:00</time>
      </trkpt>
      <trkpt lat="42.75068" lon="0.53275">
        <ele>2198</ele>
        <time>2024-05-05T08:09:33+00:00</time>
      </trkpt>
      <trkpt lat="42.75091" lon="0.53306">
        <ele>2194</ele>
        <time>2024-05-05T08:09:36+00:00</time>
      </trkpt>
      <trkpt lat="42.75105" lon="0.53326">
        <ele>2191</ele>
        <time>2024-05-05T08:09:39+00:00</time>
      </trkpt>
      <trkpt lat="42.75128" lon="0.53364">
        <ele>2187</ele>
        <time>2024-05-05T08:09:42+00:00</time>
      </trkpt>
      <trkpt lat="42.75137" lon="0.53396">
        <ele>2183</ele>
        <time>2024-05-05T08:09:45+00:00</time>
      </trkpt>
      <trkpt lat="42.75141" lon="0.53433">
        <ele>2174</ele>
        <time>2024-05-05T08:09:48+00:00</time>
      </trkpt>
      <trkpt lat="42.7514" lon="0.53472">
        <ele>2166</ele>
        <time>2024-05-05T08:09:51+00:00</time>
      </trkpt>
      <trkpt lat="42.75115" lon="0.5348">
        <ele>2163</ele>
        <time>2024-05-05T08:09:54+00:00</time>
      </trkpt>
      <trkpt lat="42.75094" lon="0.53463">
        <ele>2160</ele>
        <time>2024-05-05T08:09:57+00:00</time>
      </trkpt>
      <trkpt lat="42.75071" lon="0.53432">
        <ele>2156</ele>
        <time>2024-05-05T08:10:00+00:00</time>
      </trkpt>
      <trkpt lat="42.75073" lon="0.53455">
        <ele>2153</ele>
        <time>2024-05-05T08:10:03+00:00</time>
      </trkpt>
      <trkpt lat="42.75064" lon="0.53497">
        <ele>2146</ele>
        <time>2024-05-05T08:10:06+00:00</time>
      </trkpt>
      <trkpt lat="42.75062" lon="0.53536">
        <ele>2143</ele>
        <time>2024-05-05T08:10:09+00:00</time>
      </trkpt>
      <trkpt lat="42.7507" lon="0.53561">
        <ele>2136</ele>
        <time>2024-05-05T08:10:12+00:00</time>
      </trkpt>
      <trkpt lat="42.75078" lon="0.53586">
        <ele>2133</ele>
        <time>2024-05-05T08:10:15+00:00</time>
      </trkpt>
      <trkpt lat="42.75095" lon="0.53618">
        <ele>2126</ele>
        <time>2024-05-05T08:10:18+00:00</time>
      </trkpt>
      <trkpt lat="42.75112" lon="0.53636">
        <ele>2119</ele>
        <time>2024-05-05T08:10:21+00:00</time>
      </trkpt>
      <trkpt lat="42.75147" lon="0.53704">
        <ele>2100</ele>
        <time>2024-05-05T08:10:24+00:00</time>
      </trkpt>
      <trkpt lat="42.75154" lon="0.53744">
        <ele>2097</ele>
        <time>2024-05-05T08:10:27+00:00</time>
      </trkpt>
      <trkpt lat="42.75152" lon="0.53773">
        <ele>2094</ele>
        <time>2024-05-05T08:10:30+00:00</time>
      </trkpt>
      <trkpt lat="42.75152" lon="0.53826">
        <ele>2087</ele>
        <time>2024-05-05T08:10:33+00:00</time>
      </trkpt>
      <trkpt lat="42.75143" lon="0.53845">
        <ele>2078</ele>
        <time>2024-05-05T08:10:36+00:00</time>
      </trkpt>
      <trkpt lat="42.75139" lon="0.53875">
        <ele>2067</ele>
        <time>2024-05-05T08:10:39+00:00</time>
      </trkpt>
      <trkpt lat="42.75147" lon="0.53901">
        <ele>2053</ele>
        <time>2024-05-05T08:10:42+00:00</time>
      </trkpt>
      <trkpt lat="42.75158" lon="0.5392">
        <ele>2049</ele>
        <time>2024-05-05T08:10:45+00:00</time>
      </trkpt>
      <trkpt lat="42.75174" lon="0.53939">
        <ele>2046</ele>
        <time>2024-05-05T08:10:48+00:00</time>
      </trkpt>
      <trkpt lat="42.75188" lon="0.53962">
        <ele>2041</ele>
        <time>2024-05-05T08:10:51+00:00</time>
      </trkpt>
      <trkpt lat="42.75197" lon="0.54">
        <ele>2033</ele>
        <time>2024-05-05T08:10:54+00:00</time>
      </trkpt>
      <trkpt lat="42.75206" lon="0.54036">
        <ele>2029</ele>
        <time>2024-05-05T08:10:57+00:00</time>
      </trkpt>
      <trkpt lat="42.75206" lon="0.54062">
        <ele>2026</ele>
        <time>2024-05-05T08:11:00+00:00</time>
      </trkpt>
      <trkpt lat="42.75186" lon="0.54029">
        <ele>2023</ele>
        <time>2024-05-05T08:11:03+00:00</time>
      </trkpt>
      <trkpt lat="42.7516" lon="0.54008">
        <ele>2017</ele>
        <time>2024-05-05T08:11:06+00:00</time>
      </trkpt>
      <trkpt lat="42.75166" lon="0.54031">
        <ele>2012</ele>
        <time>2024-05-05T08:11:09+00:00</time>
      </trkpt>
      <trkpt lat="42.75175" lon="0.54069">
        <ele>2008</ele>
        <time>2024-05-05T08:11:12+00:00</time>
      </trkpt>
      <trkpt lat="42.75181" lon="0.54122">
        <ele>2001</ele>
        <time>2024-05-05T08:11:15+00:00</time>
      </trkpt>
      <trkpt lat="42.75162" lon="0.5411">
        <ele>1993</ele>
        <time>2024-05-05T08:11:18+00:00</time>
      </trkpt>
      <trkpt lat="42.75141" lon="0.54094">
        <ele>1990</ele>
        <time>2024-05-05T08:11:21+00:00</time>
      </trkpt>
      <trkpt lat="42.7512" lon="0.54082">
        <ele>1991</ele>
        <time>2024-05-05T08:11:24+00:00</time>
      </trkpt>
      <trkpt lat="42.75105" lon="0.5411">
        <ele>1992</ele>
        <time>2024-05-05T08:11:27+00:00</time>
      </trkpt>
      <trkpt lat="42.75095" lon="0.54134">
        <ele>1993</ele>
        <time>2024-05-05T08:11:30+00:00</time>
      </trkpt>
      <trkpt lat="42.75085" lon="0.54163">
        <ele>1991</ele>
        <time>2024-05-05T08:11:33+00:00</time>
      </trkpt>
      <trkpt lat="42.75082" lon="0.54191">
        <ele>1989</ele>
        <time>2024-05-05T08:11:36+00:00</time>
      </trkpt>
      <trkpt lat="42.7508" lon="0.54219">
        <ele>1986</ele>
        <time>2024-05-05T08:11:39+00:00</time>
      </trkpt>
      <trkpt lat="42.75085" lon="0.54235">
        <ele>1982</ele>
        <time>2024-05-05T08:11:42+00:00</time>
      </trkpt>
      <trkpt lat="42.75101" lon="0.54266">
        <ele>1970</ele>
        <time>2024-05-05T08:11:45+00:00</time>
      </trkpt>
      <trkpt lat="42.75102" lon="0.54295">
        <ele>1965</ele>
        <time>2024-05-05T08:11:48+00:00</time>
      </trkpt>
      <trkpt lat="42.75102" lon="0.54324">
        <ele>1957</ele>
        <time>2024-05-05T08:11:51+00:00</time>
      </trkpt>
      <trkpt lat="42.75089" lon="0.54344">
        <ele>1948</ele>
        <time>2024-05-05T08:11:54+00:00</time>
      </trkpt>
      <trkpt lat="42.75065" lon="0.54332">
        <ele>1947</ele>
        <time>2024-05-05T08:11:57+00:00</time>
      </trkpt>
      <trkpt lat="42.75068" lon="0.54348">
        <ele>1944</ele>
        <time>2024-05-05T08:12:00+00:00</time>
      </trkpt>
      <trkpt lat="42.75082" lon="0.54374">
        <ele>1935</ele>
        <time>2024-05-05T08:12:03+00:00</time>
      </trkpt>
      <trkpt lat="42.75091" lon="0.54404">
        <ele>1922</ele>
        <time>2024-05-05T08:12:06+00:00</time>
      </trkpt>
      <trkpt lat="42.75115" lon="0.54422">
        <ele>1914</ele>
        <time>2024-05-05T08:12:09+00:00</time>
      </trkpt>
      <trkpt lat="42.75128" lon="0.54453">
        <ele>1903</ele>
        <time>2024-05-05T08:12:12+00:00</time>
      </trkpt>
      <trkpt lat="42.75135" lon="0.54481">
        <ele>1896</ele>
        <time>2024-05-05T08:12:15+00:00</time>
      </trkpt>
      <trkpt lat="42.75142" lon="0.54512">
        <ele>1893</ele>
        <time>2024-05-05T08:12:18+00:00</time>
      </trkpt>
      <trkpt lat="42.75148" lon="0.54544">
        <ele>1885</ele>
        <time>2024-05-05T08:12:21+00:00</time>
      </trkpt>
      <trkpt lat="42.75156" lon="0.54575">
        <ele>1879</ele>
        <time>2024-05-05T08:12:24+00:00</time>
      </trkpt>
      <trkpt lat="42.75168" lon="0.54602">
        <ele>1871</ele>
        <time>2024-05-05T08:12:27+00:00</time>
      </trkpt>
      <trkpt lat="42.75141" lon="0.54592">
        <ele>1870</ele>
        <time>2024-05-05T08:12:30+00:00</time>
      </trkpt>
      <trkpt lat="42.75119" lon="0.54612">
        <ele>1870</ele>
        <time>2024-05-05T08:12:33+00:00</time>
      </trkpt>
      <trkpt lat="42.75124" lon="0.54644">
        <ele>1862</ele>
        <time>2024-05-05T08:12:36+00:00</time>
      </trkpt>
      <trkpt lat="42.75137" lon="0.54646">
        <ele>1860</ele>
        <time>2024-05-05T08:12:39+00:00</time>
      </trkpt>
      <trkpt lat="42.75147" lon="0.54654">
        <ele>1855</ele>
        <time>2024-05-05T08:12:42+00:00</time>
      </trkpt>
      <trkpt lat="42.75162" lon="0.54681">
        <ele>1845</ele>
        <time>2024-05-05T08:12:45+00:00</time>
      </trkpt>
      <trkpt lat="42.7518" lon="0.547">
        <ele>1836</ele>
        <time>2024-05-05T08:12:48+00:00</time>
      </trkpt>
      <trkpt lat="42.75163" lon="0.54727">
        <ele>1832</ele>
        <time>2024-05-05T08:12:51+00:00</time>
      </trkpt>
      <trkpt lat="42.75155" lon="0.54752">
        <ele>1825</ele>
        <time>2024-05-05T08:12:54+00:00</time>
      </trkpt>
      <trkpt lat="42.75157" lon="0.54775">
        <ele>1819</ele>
        <time>2024-05-05T08:12:57+00:00</time>
      </trkpt>
      <trkpt lat="42.75174" lon="0.54808">
        <ele>1804</ele>
        <time>2024-05-05T08:13:00+00:00</time>
      </trkpt>
      <trkpt lat="42.75172" lon="0.54845">
        <ele>1794</ele>
        <time>2024-05-05T08:13:03+00:00</time>
      </trkpt>
      <trkpt lat="42.75175" lon="0.54866">
        <ele>1787</ele>
        <time>2024-05-05T08:13:06+00:00</time>
      </trkpt>
      <trkpt lat="42.75165" lon="0.54906">
        <ele>1777</ele>
        <time>2024-05-05T08:13:09+00:00</time>
      </trkpt>
      <trkpt lat="42.75184" lon="0.5489">
        <ele>1770</ele>
        <time>2024-05-05T08:13:12+00:00</time>
      </trkpt>
      <trkpt lat="42.75196" lon="0.54906">
        <ele>1763</ele>
        <time>2024-05-05T08:13:15+00:00</time>
      </trkpt>
      <trkpt lat="42.75199" lon="0.54937">
        <ele>1755</ele>
        <time>2024-05-05T08:13:18+00:00</time>
      </trkpt>
      <trkpt lat="42.75204" lon="0.54954">
        <ele>1747</ele>
        <time>2024-05-05T08:13:21+00:00</time>
      </trkpt>
      <trkpt lat="42.75203" lon="0.54982">
        <ele>1737</ele>
        <time>2024-05-05T08:13:24+00:00</time>
      </trkpt>
      <trkpt lat="42.75201" lon="0.55013">
        <ele>1731</ele>
        <time>2024-05-05T08:13:27+00:00</time>
      </trkpt>
      <trkpt lat="42.75203" lon="0.55043">
        <ele>1726</ele>
        <time>2024-05-05T08:13:30+00:00</time>
      </trkpt>
      <trkpt lat="42.75216" lon="0.5502">
        <ele>1724</ele>
        <time>2024-05-05T08:13:33+00:00</time>
      </trkpt>
      <trkpt lat="42.75238" lon="0.55012">
        <ele>1721</ele>
        <time>2024-05-05T08:13:36+00:00</time>
      </trkpt>
      <trkpt lat="42.75261" lon="0.55054">
        <ele>1709</ele>
        <time>2024-05-05T08:13:39+00:00</time>
      </trkpt>
      <trkpt lat="42.75291" lon="0.55082">
        <ele>1710</ele>
        <time>2024-05-05T08:13:42+00:00</time>
      </trkpt>
      <trkpt lat="42.75311" lon="0.55108">
        <ele>1708</ele>
        <time>2024-05-05T08:13:45+00:00</time>
      </trkpt>
      <trkpt lat="42.75324" lon="0.55142">
        <ele>1708</ele>
        <time>2024-05-05T08:13:48+00:00</time>
      </trkpt>
      <trkpt lat="42.75349" lon="0.55177">
        <ele>1708</ele>
        <time>2024-05-05T08:13:51+00:00</time>
      </trkpt>
      <trkpt lat="42.75366" lon="0.55204">
        <ele>1710</ele>
        <time>2024-05-05T08:13:54+00:00</time>
      </trkpt>
      <trkpt lat="42.75382" lon="0.55231">
        <ele>1714</ele>
        <time>2024-05-05T08:13:57+00:00</time>
      </trkpt>
      <trkpt lat="42.75405" lon="0.55271">
        <ele>1716</ele>
        <time>2024-05-05T08:14:00+00:00</time>
      </trkpt>
      <trkpt lat="42.75434" lon="0.55301">
        <ele>1719</ele>
        <time>2024-05-05T08:14:03+00:00</time>
      </trkpt>
      <trkpt lat="42.75453" lon="0.55327">
        <ele>1717</ele>
        <time>2024-05-05T08:14:06+00:00</time>
      </trkpt>
      <trkpt lat="42.75467" lon="0.55372">
        <ele>1716</ele>
        <time>2024-05-05T08:14:09+00:00</time>
      </trkpt>
      <trkpt lat="42.75477" lon="0.55416">
        <ele>1714</ele>
        <time>2024-05-05T08:14:12+00:00</time>
      </trkpt>
      <trkpt lat="42.75485" lon="0.5545">
        <ele>1714</ele>
        <time>2024-05-05T08:14:15+00:00</time>
      </trkpt>
      <trkpt lat="42.75503" lon="0.55477">
        <ele>1720</ele>
        <time>2024-05-05T08:14:18+00:00</time>
      </trkpt>
      <trkpt lat="42.75522" lon="0.55498">
        <ele>1727</ele>
        <time>2024-05-05T08:14:21+00:00</time>
      </trkpt>
      <trkpt lat="42.7554" lon="0.55517">
        <ele>1730</ele>
        <time>2024-05-05T08:14:24+00:00</time>
      </trkpt>
      <trkpt lat="42.75562" lon="0.55537">
        <ele>1731</ele>
        <time>2024-05-05T08:14:27+00:00</time>
      </trkpt>
      <trkpt lat="42.75578" lon="0.55568">
        <ele>1731</ele>
        <time>2024-05-05T08:14:30+00:00</time>
      </trkpt>
      <trkpt lat="42.75589" lon="0.55609">
        <ele>1733</ele>
        <time>2024-05-05T08:14:33+00:00</time>
      </trkpt>
      <trkpt lat="42.75602" lon="0.55638">
        <ele>1732</ele>
        <time>2024-05-05T08:14:36+00:00</time>
      </trkpt>
      <trkpt lat="42.75619" lon="0.55666">
        <ele>1732</ele>
        <time>2024-05-05T08:14:39+00:00</time>
      </trkpt>
      <trkpt lat="42.75638" lon="0.5569">
        <ele>1733</ele>
        <time>2024-05-05T08:14:42+00:00</time>
      </trkpt>
      <trkpt lat="42.75658" lon="0.55715">
        <ele>1733</ele>
        <time>2024-05-05T08:14:45+00:00</time>
      </trkpt>
      <trkpt lat="42.75695" lon="0.55743">
        <ele>1734</ele>
        <time>2024-05-05T08:14:48+00:00</time>
      </trkpt>
      <trkpt lat="42.75711" lon="0.55771">
        <ele>1732</ele>
        <time>2024-05-05T08:14:51+00:00</time>
      </trkpt>
      <trkpt lat="42.75714" lon="0.55821">
        <ele>1732</ele>
        <time>2024-05-05T08:14:54+00:00</time>
      </trkpt>
      <trkpt lat="42.75722" lon="0.55854">
        <ele>1731</ele>
        <time>2024-05-05T08:14:57+00:00</time>
      </trkpt>
      <trkpt lat="42.75727" lon="0.55884">
        <ele>1731</ele>
        <time>2024-05-05T08:15:00+00:00</time>
      </trkpt>
      <trkpt lat="42.7574" lon="0.55914">
        <ele>1733</ele>
        <time>2024-05-05T08:15:03+00:00</time>
      </trkpt>
      <trkpt lat="42.75767" lon="0.55933">
        <ele>1739</ele>
        <time>2024-05-05T08:15:06+00:00</time>
      </trkpt>
      <trkpt lat="42.75802" lon="0.55936">
        <ele>1748</ele>
        <time>2024-05-05T08:15:09+00:00</time>
      </trkpt>
      <trkpt lat="42.7583" lon="0.55949">
        <ele>1750</ele>
        <time>2024-05-05T08:15:12+00:00</time>
      </trkpt>
      <trkpt lat="42.75854" lon="0.55961">
        <ele>1751</ele>
        <time>2024-05-05T08:15:15+00:00</time>
      </trkpt>
      <trkpt lat="42.75873" lon="0.55977">
        <ele>1756</ele>
        <time>2024-05-05T08:15:18+00:00</time>
      </trkpt>
      <trkpt lat="42.75886" lon="0.56004">
        <ele>1758</ele>
        <time>2024-05-05T08:15:21+00:00</time>
      </trkpt>
      <trkpt lat="42.75905" lon="0.56083">
        <ele>1761</ele>
        <time>2024-05-05T08:15:24+00:00</time>
      </trkpt>
      <trkpt lat="42.75919" lon="0.56123">
        <ele>1766</ele>
        <time>2024-05-05T08:15:27+00:00</time>
      </trkpt>
      <trkpt lat="42.75932" lon="0.56149">
        <ele>1773</ele>
        <time>2024-05-05T08:15:30+00:00</time>
      </trkpt>
      <trkpt lat="42.75955" lon="0.56179">
        <ele>1778</ele>
        <time>2024-05-05T08:15:33+00:00</time>
      </trkpt>
      <trkpt lat="42.76008" lon="0.56244">
        <ele>1784</ele>
        <time>2024-05-05T08:15:36+00:00</time>
      </trkpt>
      <trkpt lat="42.76025" lon="0.56269">
        <ele>1787</ele>
        <time>2024-05-05T08:15:39+00:00</time>
      </trkpt>
      <trkpt lat="42.76041" lon="0.56294">
        <ele>1789</ele>
        <time>2024-05-05T08:15:42+00:00</time>
      </trkpt>
      <trkpt lat="42.76056" lon="0.56322">
        <ele>1791</ele>
        <time>2024-05-05T08:15:45+00:00</time>
      </trkpt>
      <trkpt lat="42.76072" lon="0.56359">
        <ele>1799</ele>
        <time>2024-05-05T08:15:48+00:00</time>
      </trkpt>
      <trkpt lat="42.76088" lon="0.56407">
        <ele>1800</ele>
        <time>2024-05-05T08:15:51+00:00</time>
      </trkpt>
      <trkpt lat="42.76105" lon="0.5647">
        <ele>1807</ele>
        <time>2024-05-05T08:15:54+00:00</time>
      </trkpt>
      <trkpt lat="42.76125" lon="0.56503">
        <ele>1813</ele>
        <time>2024-05-05T08:15:57+00:00</time>
      </trkpt>
      <trkpt lat="42.76146" lon="0.56524">
        <ele>1815</ele>
        <time>2024-05-05T08:16:00+00:00</time>
      </trkpt>
      <trkpt lat="42.76167" lon="0.56559">
        <ele>1818</ele>
        <time>2024-05-05T08:16:03+00:00</time>
      </trkpt>
      <trkpt lat="42.76182" lon="0.56592">
        <ele>1823</ele>
        <time>2024-05-05T08:16:06+00:00</time>
      </trkpt>
      <trkpt lat="42.76196" lon="0.56637">
        <ele>1823</ele>
        <time>2024-05-05T08:16:09+00:00</time>
      </trkpt>
      <trkpt lat="42.76206" lon="0.56666">
        <ele>1826</ele>
        <time>2024-05-05T08:16:12+00:00</time>
      </trkpt>
      <trkpt lat="42.76222" lon="0.56654">
        <ele>1835</ele>
        <time>2024-05-05T08:16:15+00:00</time>
      </trkpt>
      <trkpt lat="42.76247" lon="0.56642">
        <ele>1839</ele>
        <time>2024-05-05T08:16:18+00:00</time>
      </trkpt>
      <trkpt lat="42.76256" lon="0.56693">
        <ele>1838</ele>
        <time>2024-05-05T08:16:21+00:00</time>
      </trkpt>
      <trkpt lat="42.76289" lon="0.5671">
        <ele>1838</ele>
        <time>2024-05-05T08:16:24+00:00</time>
      </trkpt>
      <trkpt lat="42.76305" lon="0.56754">
        <ele>1836</ele>
        <time>2024-05-05T08:16:27+00:00</time>
      </trkpt>
      <trkpt lat="42.76303" lon="0.56789">
        <ele>1835</ele>
        <time>2024-05-05T08:16:30+00:00</time>
      </trkpt>
      <trkpt lat="42.76295" lon="0.56879">
        <ele>1831</ele>
        <time>2024-05-05T08:16:33+00:00</time>
      </trkpt>
      <trkpt lat="42.76295" lon="0.56908">
        <ele>1829</ele>
        <time>2024-05-05T08:16:36+00:00</time>
      </trkpt>
      <trkpt lat="42.76303" lon="0.56947">
        <ele>1826</ele>
        <time>2024-05-05T08:16:39+00:00</time>
      </trkpt>
      <trkpt lat="42.76311" lon="0.56972">
        <ele>1824</ele>
        <time>2024-05-05T08:16:42+00:00</time>
      </trkpt>
      <trkpt lat="42.76323" lon="0.57007">
        <ele>1824</ele>
        <time>2024-05-05T08:16:45+00:00</time>
      </trkpt>
      <trkpt lat="42.76333" lon="0.57031">
        <ele>1824</ele>
        <time>2024-05-05T08:16:48+00:00</time>
      </trkpt>
      <trkpt lat="42.76338" lon="0.57068">
        <ele>1824</ele>
        <time>2024-05-05T08:16:51+00:00</time>
      </trkpt>
      <trkpt lat="42.76337" lon="0.57107">
        <ele>1824</ele>
        <time>2024-05-05T08:16:54+00:00</time>
      </trkpt>
      <trkpt lat="42.76333" lon="0.57146">
        <ele>1822</ele>
        <time>2024-05-05T08:16:57+00:00</time>
      </trkpt>
      <trkpt lat="42.76329" lon="0.57183">
        <ele>1821</ele>
        <time>2024-05-05T08:17:00+00:00</time>
      </trkpt>
      <trkpt lat="42.76326" lon="0.5721">
        <ele>1819</ele>
        <time>2024-05-05T08:17:03+00:00</time>
      </trkpt>
      <trkpt lat="42.76327" lon="0.57239">
        <ele>1818</ele>
        <time>2024-05-05T08:17:06+00:00</time>
      </trkpt>
      <trkpt lat="42.76328" lon="0.57274">
        <ele>1816</ele>
        <time>2024-05-05T08:17:09+00:00</time>
      </trkpt>
      <trkpt lat="42.7633" lon="0.57302">
        <ele>1815</ele>
        <time>2024-05-05T08:17:12+00:00</time>
      </trkpt>
      <trkpt lat="42.76331" lon="0.5733">
        <ele>1813</ele>
        <time>2024-05-05T08:17:15+00:00</time>
      </trkpt>
      <trkpt lat="42.76332" lon="0.57357">
        <ele>1813</ele>
        <time>2024-05-05T08:17:18+00:00</time>
      </trkpt>
      <trkpt lat="42.76335" lon="0.57394">
        <ele>1813</ele>
        <time>2024-05-05T08:17:21+00:00</time>
      </trkpt>
      <trkpt lat="42.7634" lon="0.57431">
        <ele>1814</ele>
        <time>2024-05-05T08:17:24+00:00</time>
      </trkpt>
      <trkpt lat="42.76333" lon="0.57461">
        <ele>1815</ele>
        <time>2024-05-05T08:17:27+00:00</time>
      </trkpt>
      <trkpt lat="42.76334" lon="0.57492">
        <ele>1815</ele>
        <time>2024-05-05T08:17:30+00:00</time>
      </trkpt>
      <trkpt lat="42.76338" lon="0.57555">
        <ele>1815</ele>
        <time>2024-05-05T08:17:33+00:00</time>
      </trkpt>
      <trkpt lat="42.76338" lon="0.57593">
        <ele>1815</ele>
        <time>2024-05-05T08:17:36+00:00</time>
      </trkpt>
      <trkpt lat="42.76338" lon="0.57626">
        <ele>1816</ele>
        <time>2024-05-05T08:17:39+00:00</time>
      </trkpt>
      <trkpt lat="42.76348" lon="0.57659">
        <ele>1816</ele>
        <time>2024-05-05T08:17:42+00:00</time>
      </trkpt>
      <trkpt lat="42.76374" lon="0.57667">
        <ele>1816</ele>
        <time>2024-05-05T08:17:45+00:00</time>
      </trkpt>
      <trkpt lat="42.76417" lon="0.57667">
        <ele>1810</ele>
        <time>2024-05-05T08:17:48+00:00</time>
      </trkpt>
      <trkpt lat="42.76438" lon="0.57669">
        <ele>1806</ele>
        <time>2024-05-05T08:17:51+00:00</time>
      </trkpt>
      <trkpt lat="42.76458" lon="0.5766">
        <ele>1803</ele>
        <time>2024-05-05T08:17:54+00:00</time>
      </trkpt>
      <trkpt lat="42.76477" lon="0.57647">
        <ele>1800</ele>
        <time>2024-05-05T08:17:57+00:00</time>
      </trkpt>
      <trkpt lat="42.76515" lon="0.57627">
        <ele>1794</ele>
        <time>2024-05-05T08:18:00+00:00</time>
      </trkpt>
      <trkpt lat="42.76535" lon="0.57619">
        <ele>1791</ele>
        <time>2024-05-05T08:18:03+00:00</time>
      </trkpt>
      <trkpt lat="42.76567" lon="0.57602">
        <ele>1787</ele>
        <time>2024-05-05T08:18:06+00:00</time>
      </trkpt>
      <trkpt lat="42.76587" lon="0.57596">
        <ele>1785</ele>
        <time>2024-05-05T08:18:09+00:00</time>
      </trkpt>
      <trkpt lat="42.76617" lon="0.57599">
        <ele>1782</ele>
        <time>2024-05-05T08:18:12+00:00</time>
      </trkpt>
      <trkpt lat="42.76637" lon="0.57601">
        <ele>1781</ele>
        <time>2024-05-05T08:18:15+00:00</time>
      </trkpt>
      <trkpt lat="42.76661" lon="0.57618">
        <ele>1780</ele>
        <time>2024-05-05T08:18:18+00:00</time>
      </trkpt>
      <trkpt lat="42.76689" lon="0.57586">
        <ele>1775</ele>
        <time>2024-05-05T08:18:21+00:00</time>
      </trkpt>
      <trkpt lat="42.76724" lon="0.57542">
        <ele>1769</ele>
        <time>2024-05-05T08:18:24+00:00</time>
      </trkpt>
      <trkpt lat="42.76747" lon="0.57504">
        <ele>1761</ele>
        <time>2024-05-05T08:18:27+00:00</time>
      </trkpt>
      <trkpt lat="42.76764" lon="0.57457">
        <ele>1748</ele>
        <time>2024-05-05T08:18:30+00:00</time>
      </trkpt>
      <trkpt lat="42.76781" lon="0.57438">
        <ele>1744</ele>
        <time>2024-05-05T08:18:33+00:00</time>
      </trkpt>
      <trkpt lat="42.76797" lon="0.57415">
        <ele>1738</ele>
        <time>2024-05-05T08:18:36+00:00</time>
      </trkpt>
      <trkpt lat="42.76822" lon="0.57389">
        <ele>1728</ele>
        <time>2024-05-05T08:18:39+00:00</time>
      </trkpt>
      <trkpt lat="42.76806" lon="0.57365">
        <ele>1719</ele>
        <time>2024-05-05T08:18:42+00:00</time>
      </trkpt>
      <trkpt lat="42.76775" lon="0.57353">
        <ele>1715</ele>
        <time>2024-05-05T08:18:45+00:00</time>
      </trkpt>
      <trkpt lat="42.76748" lon="0.5734">
        <ele>1711</ele>
        <time>2024-05-05T08:18:48+00:00</time>
      </trkpt>
      <trkpt lat="42.76722" lon="0.57327">
        <ele>1703</ele>
        <time>2024-05-05T08:18:51+00:00</time>
      </trkpt>
      <trkpt lat="42.76689" lon="0.57319">
        <ele>1698</ele>
        <time>2024-05-05T08:18:54+00:00</time>
      </trkpt>
      <trkpt lat="42.76666" lon="0.57305">
        <ele>1694</ele>
        <time>2024-05-05T08:18:57+00:00</time>
      </trkpt>
      <trkpt lat="42.76638" lon="0.57279">
        <ele>1688</ele>
        <time>2024-05-05T08:19:00+00:00</time>
      </trkpt>
      <trkpt lat="42.76622" lon="0.57253">
        <ele>1685</ele>
        <time>2024-05-05T08:19:03+00:00</time>
      </trkpt>
      <trkpt lat="42.76613" lon="0.57202">
        <ele>1677</ele>
        <time>2024-05-05T08:19:06+00:00</time>
      </trkpt>
      <trkpt lat="42.76615" lon="0.57163">
        <ele>1670</ele>
        <time>2024-05-05T08:19:09+00:00</time>
      </trkpt>
      <trkpt lat="42.76621" lon="0.5713">
        <ele>1664</ele>
        <time>2024-05-05T08:19:12+00:00</time>
      </trkpt>
      <trkpt lat="42.76629" lon="0.57091">
        <ele>1656</ele>
        <time>2024-05-05T08:19:15+00:00</time>
      </trkpt>
      <trkpt lat="42.7664" lon="0.57039">
        <ele>1640</ele>
        <time>2024-05-05T08:19:18+00:00</time>
      </trkpt>
      <trkpt lat="42.76646" lon="0.5698">
        <ele>1636</ele>
        <time>2024-05-05T08:19:21+00:00</time>
      </trkpt>
      <trkpt lat="42.76663" lon="0.56958">
        <ele>1626</ele>
        <time>2024-05-05T08:19:24+00:00</time>
      </trkpt>
      <trkpt lat="42.76677" lon="0.56936">
        <ele>1620</ele>
        <time>2024-05-05T08:19:27+00:00</time>
      </trkpt>
      <trkpt lat="42.76695" lon="0.56914">
        <ele>1611</ele>
        <time>2024-05-05T08:19:30+00:00</time>
      </trkpt>
      <trkpt lat="42.76715" lon="0.56892">
        <ele>1602</ele>
        <time>2024-05-05T08:19:33+00:00</time>
      </trkpt>
      <trkpt lat="42.76734" lon="0.56866">
        <ele>1591</ele>
        <time>2024-05-05T08:19:36+00:00</time>
      </trkpt>
      <trkpt lat="42.76747" lon="0.56835">
        <ele>1584</ele>
        <time>2024-05-05T08:19:39+00:00</time>
      </trkpt>
      <trkpt lat="42.76761" lon="0.56803">
        <ele>1573</ele>
        <time>2024-05-05T08:19:42+00:00</time>
      </trkpt>
      <trkpt lat="42.7677" lon="0.56774">
        <ele>1568</ele>
        <time>2024-05-05T08:19:45+00:00</time>
      </trkpt>
      <trkpt lat="42.76782" lon="0.56742">
        <ele>1559</ele>
        <time>2024-05-05T08:19:48+00:00</time>
      </trkpt>
      <trkpt lat="42.76793" lon="0.56709">
        <ele>1552</ele>
        <time>2024-05-05T08:19:51+00:00</time>
      </trkpt>
      <trkpt lat="42.76814" lon="0.56685">
        <ele>1544</ele>
        <time>2024-05-05T08:19:54+00:00</time>
      </trkpt>
      <trkpt lat="42.76831" lon="0.56668">
        <ele>1536</ele>
        <time>2024-05-05T08:19:57+00:00</time>
      </trkpt>
      <trkpt lat="42.76849" lon="0.56653">
        <ele>1532</ele>
        <time>2024-05-05T08:20:00+00:00</time>
      </trkpt>
      <trkpt lat="42.76867" lon="0.56635">
        <ele>1522</ele>
        <time>2024-05-05T08:20:03+00:00</time>
      </trkpt>
      <trkpt lat="42.76887" lon="0.56619">
        <ele>1513</ele>
        <time>2024-05-05T08:20:06+00:00</time>
      </trkpt>
      <trkpt lat="42.76902" lon="0.56601">
        <ele>1507</ele>
        <time>2024-05-05T08:20:09+00:00</time>
      </trkpt>
      <trkpt lat="42.76918" lon="0.56581">
        <ele>1502</ele>
        <time>2024-05-05T08:20:12+00:00</time>
      </trkpt>
      <trkpt lat="42.76933" lon="0.5656">
        <ele>1498</ele>
        <time>2024-05-05T08:20:15+00:00</time>
      </trkpt>
      <trkpt lat="42.7696" lon="0.56541">
        <ele>1491</ele>
        <time>2024-05-05T08:20:18+00:00</time>
      </trkpt>
      <trkpt lat="42.76986" lon="0.56514">
        <ele>1480</ele>
        <time>2024-05-05T08:20:21+00:00</time>
      </trkpt>
      <trkpt lat="42.76998" lon="0.56492">
        <ele>1477</ele>
        <time>2024-05-05T08:20:24+00:00</time>
      </trkpt>
      <trkpt lat="42.77014" lon="0.56448">
        <ele>1471</ele>
        <time>2024-05-05T08:20:27+00:00</time>
      </trkpt>
      <trkpt lat="42.77038" lon="0.56419">
        <ele>1462</ele>
        <time>2024-05-05T08:20:30+00:00</time>
      </trkpt>
      <trkpt lat="42.77043" lon="0.5639">
        <ele>1463</ele>
        <time>2024-05-05T08:20:33+00:00</time>
      </trkpt>
      <trkpt lat="42.7704" lon="0.56353">
        <ele>1462</ele>
        <time>2024-05-05T08:20:36+00:00</time>
      </trkpt>
      <trkpt lat="42.77045" lon="0.56321">
        <ele>1462</ele>
        <time>2024-05-05T08:20:39+00:00</time>
      </trkpt>
      <trkpt lat="42.77063" lon="0.56335">
        <ele>1458</ele>
        <time>2024-05-05T08:20:42+00:00</time>
      </trkpt>
      <trkpt lat="42.77091" lon="0.56344">
        <ele>1451</ele>
        <time>2024-05-05T08:20:45+00:00</time>
      </trkpt>
      <trkpt lat="42.77112" lon="0.56343">
        <ele>1447</ele>
        <time>2024-05-05T08:20:48+00:00</time>
      </trkpt>
      <trkpt lat="42.77137" lon="0.56351">
        <ele>1447</ele>
        <time>2024-05-05T08:20:51+00:00</time>
      </trkpt>
      <trkpt lat="42.77163" lon="0.56376">
        <ele>1440</ele>
        <time>2024-05-05T08:20:54+00:00</time>
      </trkpt>
      <trkpt lat="42.7719" lon="0.56419">
        <ele>1438</ele>
        <time>2024-05-05T08:20:57+00:00</time>
      </trkpt>
      <trkpt lat="42.77205" lon="0.56401">
        <ele>1436</ele>
        <time>2024-05-05T08:21:00+00:00</time>
      </trkpt>
      <trkpt lat="42.77227" lon="0.56385">
        <ele>1431</ele>
        <time>2024-05-05T08:21:03+00:00</time>
      </trkpt>
      <trkpt lat="42.77243" lon="0.56356">
        <ele>1424</ele>
        <time>2024-05-05T08:21:06+00:00</time>
      </trkpt>
      <trkpt lat="42.77263" lon="0.56326">
        <ele>1415</ele>
        <time>2024-05-05T08:21:09+00:00</time>
      </trkpt>
      <trkpt lat="42.77312" lon="0.56288">
        <ele>1395</ele>
        <time>2024-05-05T08:21:12+00:00</time>
      </trkpt>
      <trkpt lat="42.77337" lon="0.5628">
        <ele>1390</ele>
        <time>2024-05-05T08:21:15+00:00</time>
      </trkpt>
      <trkpt lat="42.77371" lon="0.56283">
        <ele>1379</ele>
        <time>2024-05-05T08:21:18+00:00</time>
      </trkpt>
      <trkpt lat="42.77395" lon="0.56287">
        <ele>1369</ele>
        <time>2024-05-05T08:21:21+00:00</time>
      </trkpt>
      <trkpt lat="42.77417" lon="0.56304">
        <ele>1367</ele>
        <time>2024-05-05T08:21:24+00:00</time>
      </trkpt>
      <trkpt lat="42.7744" lon="0.56342">
        <ele>1358</ele>
        <time>2024-05-05T08:21:27+00:00</time>
      </trkpt>
      <trkpt lat="42.77458" lon="0.56363">
        <ele>1351</ele>
        <time>2024-05-05T08:21:30+00:00</time>
      </trkpt>
      <trkpt lat="42.77468" lon="0.56392">
        <ele>1346</ele>
        <time>2024-05-05T08:21:33+00:00</time>
      </trkpt>
      <trkpt lat="42.77479" lon="0.56418">
        <ele>1340</ele>
        <time>2024-05-05T08:21:36+00:00</time>
      </trkpt>
      <trkpt lat="42.77507" lon="0.56482">
        <ele>1320</ele>
        <time>2024-05-05T08:21:39+00:00</time>
      </trkpt>
      <trkpt lat="42.77512" lon="0.56518">
        <ele>1312</ele>
        <time>2024-05-05T08:21:42+00:00</time>
      </trkpt>
      <trkpt lat="42.77524" lon="0.56552">
        <ele>1309</ele>
        <time>2024-05-05T08:21:45+00:00</time>
      </trkpt>
      <trkpt lat="42.77531" lon="0.56584">
        <ele>1310</ele>
        <time>2024-05-05T08:21:48+00:00</time>
      </trkpt>
      <trkpt lat="42.77539" lon="0.56611">
        <ele>1307</ele>
        <time>2024-05-05T08:21:51+00:00</time>
      </trkpt>
      <trkpt lat="42.77546" lon="0.56639">
        <ele>1304</ele>
        <time>2024-05-05T08:21:54+00:00</time>
      </trkpt>
      <trkpt lat="42.7756" lon="0.56667">
        <ele>1293</ele>
        <time>2024-05-05T08:21:57+00:00</time>
      </trkpt>
      <trkpt lat="42.77571" lon="0.56693">
        <ele>1291</ele>
        <time>2024-05-05T08:22:00+00:00</time>
      </trkpt>
      <trkpt lat="42.77566" lon="0.56727">
        <ele>1290</ele>
        <time>2024-05-05T08:22:03+00:00</time>
      </trkpt>
      <trkpt lat="42.77574" lon="0.56757">
        <ele>1282</ele>
        <time>2024-05-05T08:22:06+00:00</time>
      </trkpt>
      <trkpt lat="42.77599" lon="0.56756">
        <ele>1271</ele>
        <time>2024-05-05T08:22:09+00:00</time>
      </trkpt>
      <trkpt lat="42.77612" lon="0.56782">
        <ele>1267</ele>
        <time>2024-05-05T08:22:12+00:00</time>
      </trkpt>
      <trkpt lat="42.77616" lon="0.56814">
        <ele>1264</ele>
        <time>2024-05-05T08:22:15+00:00</time>
      </trkpt>
      <trkpt lat="42.77625" lon="0.5684">
        <ele>1263</ele>
        <time>2024-05-05T08:22:18+00:00</time>
      </trkpt>
      <trkpt lat="42.77642" lon="0.56857">
        <ele>1257</ele>
        <time>2024-05-05T08:22:21+00:00</time>
      </trkpt>
      <trkpt lat="42.7766" lon="0.5687">
        <ele>1257</ele>
        <time>2024-05-05T08:22:24+00:00</time>
      </trkpt>
      <trkpt lat="42.77682" lon="0.56867">
        <ele>1253</ele>
        <time>2024-05-05T08:22:27+00:00</time>
      </trkpt>
      <trkpt lat="42.77703" lon="0.56849">
        <ele>1242</ele>
        <time>2024-05-05T08:22:30+00:00</time>
      </trkpt>
      <trkpt lat="42.77729" lon="0.56852">
        <ele>1238</ele>
        <time>2024-05-05T08:22:33+00:00</time>
      </trkpt>
      <trkpt lat="42.77747" lon="0.56872">
        <ele>1228</ele>
        <time>2024-05-05T08:22:36+00:00</time>
      </trkpt>
      <trkpt lat="42.77751" lon="0.56901">
        <ele>1230</ele>
        <time>2024-05-05T08:22:39+00:00</time>
      </trkpt>
      <trkpt lat="42.77742" lon="0.56929">
        <ele>1233</ele>
        <time>2024-05-05T08:22:42+00:00</time>
      </trkpt>
      <trkpt lat="42.77757" lon="0.56936">
        <ele>1233</ele>
        <time>2024-05-05T08:22:45+00:00</time>
      </trkpt>
      <trkpt lat="42.77774" lon="0.56913">
        <ele>1223</ele>
        <time>2024-05-05T08:22:48+00:00</time>
      </trkpt>
      <trkpt lat="42.77788" lon="0.56887">
        <ele>1211</ele>
        <time>2024-05-05T08:22:51+00:00</time>
      </trkpt>
      <trkpt lat="42.77806" lon="0.5687">
        <ele>1205</ele>
        <time>2024-05-05T08:22:54+00:00</time>
      </trkpt>
      <trkpt lat="42.77825" lon="0.56852">
        <ele>1199</ele>
        <time>2024-05-05T08:22:57+00:00</time>
      </trkpt>
      <trkpt lat="42.77829" lon="0.56815">
        <ele>1183</ele>
        <time>2024-05-05T08:23:00+00:00</time>
      </trkpt>
      <trkpt lat="42.77851" lon="0.56818">
        <ele>1182</ele>
        <time>2024-05-05T08:23:03+00:00</time>
      </trkpt>
      <trkpt lat="42.77871" lon="0.56833">
        <ele>1182</ele>
        <time>2024-05-05T08:23:06+00:00</time>
      </trkpt>
      <trkpt lat="42.77893" lon="0.56869">
        <ele>1178</ele>
        <time>2024-05-05T08:23:09+00:00</time>
      </trkpt>
      <trkpt lat="42.77913" lon="0.56889">
        <ele>1169</ele>
        <time>2024-05-05T08:23:12+00:00</time>
      </trkpt>
      <trkpt lat="42.77932" lon="0.56906">
        <ele>1160</ele>
        <time>2024-05-05T08:23:15+00:00</time>
      </trkpt>
      <trkpt lat="42.77945" lon="0.56932">
        <ele>1154</ele>
        <time>2024-05-05T08:23:18+00:00</time>
      </trkpt>
      <trkpt lat="42.77952" lon="0.56966">
        <ele>1156</ele>
        <time>2024-05-05T08:23:21+00:00</time>
      </trkpt>
      <trkpt lat="42.77941" lon="0.56997">
        <ele>1158</ele>
        <time>2024-05-05T08:23:24+00:00</time>
      </trkpt>
      <trkpt lat="42.77953" lon="0.57016">
        <ele>1155</ele>
        <time>2024-05-05T08:23:27+00:00</time>
      </trkpt>
      <trkpt lat="42.77968" lon="0.56994">
        <ele>1153</ele>
        <time>2024-05-05T08:23:30+00:00</time>
      </trkpt>
      <trkpt lat="42.77988" lon="0.56977">
        <ele>1142</ele>
        <time>2024-05-05T08:23:33+00:00</time>
      </trkpt>
      <trkpt lat="42.78012" lon="0.56974">
        <ele>1139</ele>
        <time>2024-05-05T08:23:36+00:00</time>
      </trkpt>
      <trkpt lat="42.78031" lon="0.56938">
        <ele>1126</ele>
        <time>2024-05-05T08:23:39+00:00</time>
      </trkpt>
      <trkpt lat="42.78042" lon="0.56912">
        <ele>1120</ele>
        <time>2024-05-05T08:23:42+00:00</time>
      </trkpt>
      <trkpt lat="42.7806" lon="0.56894">
        <ele>1113</ele>
        <time>2024-05-05T08:23:45+00:00</time>
      </trkpt>
      <trkpt lat="42.78084" lon="0.56893">
        <ele>1109</ele>
        <time>2024-05-05T08:23:48+00:00</time>
      </trkpt>
      <trkpt lat="42.78109" lon="0.56894">
        <ele>1106</ele>
        <time>2024-05-05T08:23:51+00:00</time>
      </trkpt>
      <trkpt lat="42.78135" lon="0.56901">
        <ele>1105</ele>
        <time>2024-05-05T08:23:54+00:00</time>
      </trkpt>
      <trkpt lat="42.78154" lon="0.5692">
        <ele>1105</ele>
        <time>2024-05-05T08:23:57+00:00</time>
      </trkpt>
      <trkpt lat="42.78145" lon="0.56895">
        <ele>1099</ele>
        <time>2024-05-05T08:24:00+00:00</time>
      </trkpt>
      <trkpt lat="42.78124" lon="0.56872">
        <ele>1095</ele>
        <time>2024-05-05T08:24:03+00:00</time>
      </trkpt>
      <trkpt lat="42.78101" lon="0.56856">
        <ele>1096</ele>
        <time>2024-05-05T08:24:06+00:00</time>
      </trkpt>
      <trkpt lat="42.78081" lon="0.56848">
        <ele>1094</ele>
        <time>2024-05-05T08:24:09+00:00</time>
      </trkpt>
      <trkpt lat="42.78097" lon="0.56827">
        <ele>1092</ele>
        <time>2024-05-05T08:24:12+00:00</time>
      </trkpt>
      <trkpt lat="42.78117" lon="0.56809">
        <ele>1084</ele>
        <time>2024-05-05T08:24:15+00:00</time>
      </trkpt>
      <trkpt lat="42.78117" lon="0.56779">
        <ele>1082</ele>
        <time>2024-05-05T08:24:18+00:00</time>
      </trkpt>
      <trkpt lat="42.78113" lon="0.56746">
        <ele>1081</ele>
        <time>2024-05-05T08:24:21+00:00</time>
      </trkpt>
      <trkpt lat="42.78107" lon="0.56718">
        <ele>1081</ele>
        <time>2024-05-05T08:24:24+00:00</time>
      </trkpt>
      <trkpt lat="42.78111" lon="0.56685">
        <ele>1078</ele>
        <time>2024-05-05T08:24:27+00:00</time>
      </trkpt>
      <trkpt lat="42.78119" lon="0.56656">
        <ele>1076</ele>
        <time>2024-05-05T08:24:30+00:00</time>
      </trkpt>
      <trkpt lat="42.78127" lon="0.5661">
        <ele>1072</ele>
        <time>2024-05-05T08:24:33+00:00</time>
      </trkpt>
      <trkpt lat="42.78137" lon="0.56582">
        <ele>1070</ele>
        <time>2024-05-05T08:24:36+00:00</time>
      </trkpt>
      <trkpt lat="42.78159" lon="0.56525">
        <ele>1064</ele>
        <time>2024-05-05T08:24:39+00:00</time>
      </trkpt>
      <trkpt lat="42.78172" lon="0.56498">
        <ele>1063</ele>
        <time>2024-05-05T08:24:42+00:00</time>
      </trkpt>
      <trkpt lat="42.78208" lon="0.56454">
        <ele>1059</ele>
        <time>2024-05-05T08:24:45+00:00</time>
      </trkpt>
      <trkpt lat="42.7822" lon="0.56427">
        <ele>1055</ele>
        <time>2024-05-05T08:24:48+00:00</time>
      </trkpt>
      <trkpt lat="42.78223" lon="0.56393">
        <ele>1054</ele>
        <time>2024-05-05T08:24:51+00:00</time>
      </trkpt>
      <trkpt lat="42.78254" lon="0.56385">
        <ele>1053</ele>
        <time>2024-05-05T08:24:54+00:00</time>
      </trkpt>
      <trkpt lat="42.78283" lon="0.56391">
        <ele>1052</ele>
        <time>2024-05-05T08:24:57+00:00</time>
      </trkpt>
      <trkpt lat="42.78317" lon="0.56413">
        <ele>1050</ele>
        <time>2024-05-05T08:25:00+00:00</time>
      </trkpt>
      <trkpt lat="42.7834" lon="0.56422">
        <ele>1050</ele>
        <time>2024-05-05T08:25:03+00:00</time>
      </trkpt>
      <trkpt lat="42.78344" lon="0.56483">
        <ele>1036</ele>
        <time>2024-05-05T08:25:06+00:00</time>
      </trkpt>
      <trkpt lat="42.78321" lon="0.56492">
        <ele>1037</ele>
        <time>2024-05-05T08:25:09+00:00</time>
      </trkpt>
      <trkpt lat="42.78297" lon="0.56492">
        <ele>1034</ele>
        <time>2024-05-05T08:25:12+00:00</time>
      </trkpt>
      <trkpt lat="42.78314" lon="0.56528">
        <ele>1031</ele>
        <time>2024-05-05T08:25:15+00:00</time>
      </trkpt>
      <trkpt lat="42.78327" lon="0.56555">
        <ele>1026</ele>
        <time>2024-05-05T08:25:18+00:00</time>
      </trkpt>
      <trkpt lat="42.78352" lon="0.56595">
        <ele>1016</ele>
        <time>2024-05-05T08:25:21+00:00</time>
      </trkpt>
      <trkpt lat="42.78364" lon="0.56624">
        <ele>1011</ele>
        <time>2024-05-05T08:25:24+00:00</time>
      </trkpt>
      <trkpt lat="42.78365" lon="0.56683">
        <ele>1007</ele>
        <time>2024-05-05T08:25:27+00:00</time>
      </trkpt>
      <trkpt lat="42.7835" lon="0.5671">
        <ele>1004</ele>
        <time>2024-05-05T08:25:30+00:00</time>
      </trkpt>
      <trkpt lat="42.78336" lon="0.56735">
        <ele>1006</ele>
        <time>2024-05-05T08:25:33+00:00</time>
      </trkpt>
      <trkpt lat="42.78317" lon="0.56759">
        <ele>1003</ele>
        <time>2024-05-05T08:25:36+00:00</time>
      </trkpt>
      <trkpt lat="42.78331" lon="0.56745">
        <ele>1001</ele>
        <time>2024-05-05T08:25:39+00:00</time>
      </trkpt>
      <trkpt lat="42.78354" lon="0.56759">
        <ele>995</ele>
        <time>2024-05-05T08:25:42+00:00</time>
      </trkpt>
      <trkpt lat="42.78385" lon="0.5678">
        <ele>985</ele>
        <time>2024-05-05T08:25:45+00:00</time>
      </trkpt>
      <trkpt lat="42.784" lon="0.56805">
        <ele>984</ele>
        <time>2024-05-05T08:25:48+00:00</time>
      </trkpt>
      <trkpt lat="42.78423" lon="0.56813">
        <ele>981</ele>
        <time>2024-05-05T08:25:51+00:00</time>
      </trkpt>
      <trkpt lat="42.78442" lon="0.56826">
        <ele>979</ele>
        <time>2024-05-05T08:25:54+00:00</time>
      </trkpt>
      <trkpt lat="42.78466" lon="0.56835">
        <ele>979</ele>
        <time>2024-05-05T08:25:57+00:00</time>
      </trkpt>
      <trkpt lat="42.78487" lon="0.56854">
        <ele>978</ele>
        <time>2024-05-05T08:26:00+00:00</time>
      </trkpt>
      <trkpt lat="42.78503" lon="0.56875">
        <ele>974</ele>
        <time>2024-05-05T08:26:03+00:00</time>
      </trkpt>
      <trkpt lat="42.78517" lon="0.569">
        <ele>970</ele>
        <time>2024-05-05T08:26:06+00:00</time>
      </trkpt>
      <trkpt lat="42.78535" lon="0.56946">
        <ele>966</ele>
        <time>2024-05-05T08:26:09+00:00</time>
      </trkpt>
      <trkpt lat="42.78542" lon="0.56976">
        <ele>963</ele>
        <time>2024-05-05T08:26:12+00:00</time>
      </trkpt>
      <trkpt lat="42.78551" lon="0.57006">
        <ele>961</ele>
        <time>2024-05-05T08:26:15+00:00</time>
      </trkpt>
      <trkpt lat="42.78565" lon="0.57031">
        <ele>956</ele>
        <time>2024-05-05T08:26:18+00:00</time>
      </trkpt>
      <trkpt lat="42.78599" lon="0.57089">
        <ele>953</ele>
        <time>2024-05-05T08:26:21+00:00</time>
      </trkpt>
      <trkpt lat="42.78632" lon="0.57122">
        <ele>944</ele>
        <time>2024-05-05T08:26:24+00:00</time>
      </trkpt>
      <trkpt lat="42.78658" lon="0.57155">
        <ele>940</ele>
        <time>2024-05-05T08:26:27+00:00</time>
      </trkpt>
      <trkpt lat="42.78676" lon="0.57174">
        <ele>933</ele>
        <time>2024-05-05T08:26:30+00:00</time>
      </trkpt>
      <trkpt lat="42.78694" lon="0.57191">
        <ele>929</ele>
        <time>2024-05-05T08:26:33+00:00</time>
      </trkpt>
      <trkpt lat="42.78714" lon="0.57214">
        <ele>919</ele>
        <time>2024-05-05T08:26:36+00:00</time>
      </trkpt>
      <trkpt lat="42.7873" lon="0.57238">
        <ele>919</ele>
        <time>2024-05-05T08:26:39+00:00</time>
      </trkpt>
      <trkpt lat="42.78746" lon="0.57259">
        <ele>918</ele>
        <time>2024-05-05T08:26:42+00:00</time>
      </trkpt>
      <trkpt lat="42.78766" lon="0.57285">
        <ele>914</ele>
        <time>2024-05-05T08:26:45+00:00</time>
      </trkpt>
      <trkpt lat="42.78801" lon="0.57334">
        <ele>904</ele>
        <time>2024-05-05T08:26:48+00:00</time>
      </trkpt>
      <trkpt lat="42.78822" lon="0.57377">
        <ele>901</ele>
        <time>2024-05-05T08:26:51+00:00</time>
      </trkpt>
      <trkpt lat="42.78848" lon="0.57396">
        <ele>899</ele>
        <time>2024-05-05T08:26:54+00:00</time>
      </trkpt>
      <trkpt lat="42.78873" lon="0.5742">
        <ele>893</ele>
        <time>2024-05-05T08:26:57+00:00</time>
      </trkpt>
      <trkpt lat="42.78908" lon="0.57443">
        <ele>891</ele>
        <time>2024-05-05T08:27:00+00:00</time>
      </trkpt>
      <trkpt lat="42.78925" lon="0.57462">
        <ele>887</ele>
        <time>2024-05-05T08:27:03+00:00</time>
      </trkpt>
      <trkpt lat="42.78945" lon="0.57484">
        <ele>883</ele>
        <time>2024-05-05T08:27:06+00:00</time>
      </trkpt>
      <trkpt lat="42.7897" lon="0.57522">
        <ele>874</ele>
        <time>2024-05-05T08:27:09+00:00</time>
      </trkpt>
      <trkpt lat="42.78996" lon="0.57558">
        <ele>872</ele>
        <time>2024-05-05T08:27:12+00:00</time>
      </trkpt>
      <trkpt lat="42.79014" lon="0.57591">
        <ele>870</ele>
        <time>2024-05-05T08:27:15+00:00</time>
      </trkpt>
      <trkpt lat="42.79035" lon="0.57618">
        <ele>864</ele>
        <time>2024-05-05T08:27:18+00:00</time>
      </trkpt>
      <trkpt lat="42.79051" lon="0.57644">
        <ele>859</ele>
        <time>2024-05-05T08:27:21+00:00</time>
      </trkpt>
      <trkpt lat="42.79064" lon="0.5767">
        <ele>855</ele>
        <time>2024-05-05T08:27:24+00:00</time>
      </trkpt>
      <trkpt lat="42.7908" lon="0.5769">
        <ele>853</ele>
        <time>2024-05-05T08:27:27+00:00</time>
      </trkpt>
      <trkpt lat="42.79098" lon="0.57685">
        <ele>847</ele>
        <time>2024-05-05T08:27:30+00:00</time>
      </trkpt>
      <trkpt lat="42.791" lon="0.57722">
        <ele>844</ele>
        <time>2024-05-05T08:27:33+00:00</time>
      </trkpt>
      <trkpt lat="42.79085" lon="0.57743">
        <ele>837</ele>
        <time>2024-05-05T08:27:36+00:00</time>
      </trkpt>
      <trkpt lat="42.79096" lon="0.57766">
        <ele>829</ele>
        <time>2024-05-05T08:27:39+00:00</time>
      </trkpt>
      <trkpt lat="42.79118" lon="0.5779">
        <ele>824</ele>
        <time>2024-05-05T08:27:42+00:00</time>
      </trkpt>
      <trkpt lat="42.79142" lon="0.5784">
        <ele>806</ele>
        <time>2024-05-05T08:27:45+00:00</time>
      </trkpt>
      <trkpt lat="42.79133" lon="0.57876">
        <ele>803</ele>
        <time>2024-05-05T08:27:48+00:00</time>
      </trkpt>
      <trkpt lat="42.79127" lon="0.57908">
        <ele>800</ele>
        <time>2024-05-05T08:27:51+00:00</time>
      </trkpt>
      <trkpt lat="42.79134" lon="0.57938">
        <ele>791</ele>
        <time>2024-05-05T08:27:54+00:00</time>
      </trkpt>
      <trkpt lat="42.79147" lon="0.5799">
        <ele>771</ele>
        <time>2024-05-05T08:27:57+00:00</time>
      </trkpt>
      <trkpt lat="42.79144" lon="0.58025">
        <ele>760</ele>
        <time>2024-05-05T08:28:00+00:00</time>
      </trkpt>
      <trkpt lat="42.79138" lon="0.58059">
        <ele>755</ele>
        <time>2024-05-05T08:28:03+00:00</time>
      </trkpt>
      <trkpt lat="42.79128" lon="0.58083">
        <ele>756</ele>
        <time>2024-05-05T08:28:06+00:00</time>
      </trkpt>
      <trkpt lat="42.79118" lon="0.58111">
        <ele>753</ele>
        <time>2024-05-05T08:28:09+00:00</time>
      </trkpt>
      <trkpt lat="42.79119" lon="0.58142">
        <ele>751</ele>
        <time>2024-05-05T08:28:12+00:00</time>
      </trkpt>
      <trkpt lat="42.79126" lon="0.58171">
        <ele>736</ele>
        <time>2024-05-05T08:28:15+00:00</time>
      </trkpt>
      <trkpt lat="42.79118" lon="0.582">
        <ele>736</ele>
        <time>2024-05-05T08:28:18+00:00</time>
      </trkpt>
      <trkpt lat="42.79114" lon="0.58232">
        <ele>730</ele>
        <time>2024-05-05T08:28:21+00:00</time>
      </trkpt>
      <trkpt lat="42.79115" lon="0.58264">
        <ele>724</ele>
        <time>2024-05-05T08:28:24+00:00</time>
      </trkpt>
      <trkpt lat="42.79115" lon="0.58295">
        <ele>718</ele>
        <time>2024-05-05T08:28:27+00:00</time>
      </trkpt>
      <trkpt lat="42.79115" lon="0.58329">
        <ele>708</ele>
        <time>2024-05-05T08:28:30+00:00</time>
      </trkpt>
      <trkpt lat="42.79126" lon="0.58357">
        <ele>700</ele>
        <time>2024-05-05T08:28:33+00:00</time>
      </trkpt>
      <trkpt lat="42.79126" lon="0.58404">
        <ele>695</ele>
        <time>2024-05-05T08:28:36+00:00</time>
      </trkpt>
      <trkpt lat="42.79127" lon="0.58434">
        <ele>693</ele>
        <time>2024-05-05T08:28:39+00:00</time>
      </trkpt>
      <trkpt lat="42.79131" lon="0.58462">
        <ele>690</ele>
        <time>2024-05-05T08:28:42+00:00</time>
      </trkpt>
      <trkpt lat="42.79136" lon="0.58491">
        <ele>680</ele>
        <time>2024-05-05T08:28:45+00:00</time>
      </trkpt>
      <trkpt lat="42.79142" lon="0.58521">
        <ele>678</ele>
        <time>2024-05-05T08:28:48+00:00</time>
      </trkpt>
      <trkpt lat="42.79138" lon="0.58567">
        <ele>677</ele>
        <time>2024-05-05T08:28:51+00:00</time>
      </trkpt>
      <trkpt lat="42.79138" lon="0.58596">
        <ele>669</ele>
        <time>2024-05-05T08:28:54+00:00</time>
      </trkpt>
      <trkpt lat="42.79136" lon="0.5864">
        <ele>656</ele>
        <time>2024-05-05T08:28:57+00:00</time>
      </trkpt>
      <trkpt lat="42.79111" lon="0.58668">
        <ele>657</ele>
        <time>2024-05-05T08:29:00+00:00</time>
      </trkpt>
      <trkpt lat="42.79086" lon="0.58659">
        <ele>659</ele>
        <time>2024-05-05T08:29:03+00:00</time>
      </trkpt>
      <trkpt lat="42.79059" lon="0.58653">
        <ele>661</ele>
        <time>2024-05-05T08:29:06+00:00</time>
      </trkpt>
      <trkpt lat="42.79038" lon="0.58655">
        <ele>664</ele>
        <time>2024-05-05T08:29:09+00:00</time>
      </trkpt>
      <trkpt lat="42.79015" lon="0.5866">
        <ele>665</ele>
        <time>2024-05-05T08:29:12+00:00</time>
      </trkpt>
      <trkpt lat="42.78994" lon="0.58665">
        <ele>672</ele>
        <time>2024-05-05T08:29:15+00:00</time>
      </trkpt>
      <trkpt lat="42.78971" lon="0.58678">
        <ele>673</ele>
        <time>2024-05-05T08:29:18+00:00</time>
      </trkpt>
      <trkpt lat="42.78948" lon="0.58694">
        <ele>679</ele>
        <time>2024-05-05T08:29:21+00:00</time>
      </trkpt>
      <trkpt lat="42.78918" lon="0.58713">
        <ele>685</ele>
        <time>2024-05-05T08:29:24+00:00</time>
      </trkpt>
      <trkpt lat="42.78895" lon="0.58726">
        <ele>693</ele>
        <time>2024-05-05T08:29:27+00:00</time>
      </trkpt>
      <trkpt lat="42.78877" lon="0.58742">
        <ele>696</ele>
        <time>2024-05-05T08:29:30+00:00</time>
      </trkpt>
      <trkpt lat="42.78852" lon="0.58772">
        <ele>697</ele>
        <time>2024-05-05T08:29:33+00:00</time>
      </trkpt>
      <trkpt lat="42.78826" lon="0.58801">
        <ele>697</ele>
        <time>2024-05-05T08:29:36+00:00</time>
      </trkpt>
      <trkpt lat="42.78808" lon="0.58817">
        <ele>698</ele>
        <time>2024-05-05T08:29:39+00:00</time>
      </trkpt>
      <trkpt lat="42.78786" lon="0.58838">
        <ele>699</ele>
        <time>2024-05-05T08:29:42+00:00</time>
      </trkpt>
      <trkpt lat="42.78755" lon="0.58866">
        <ele>699</ele>
        <time>2024-05-05T08:29:45+00:00</time>
      </trkpt>
      <trkpt lat="42.78736" lon="0.58891">
        <ele>699</ele>
        <time>2024-05-05T08:29:48+00:00</time>
      </trkpt>
      <trkpt lat="42.78722" lon="0.58916">
        <ele>703</ele>
        <time>2024-05-05T08:29:51+00:00</time>
      </trkpt>
      <trkpt lat="42.7869" lon="0.58936">
        <ele>703</ele>
        <time>2024-05-05T08:29:54+00:00</time>
      </trkpt>
      <trkpt lat="42.78672" lon="0.58957">
        <ele>704</ele>
        <time>2024-05-05T08:29:57+00:00</time>
      </trkpt>
      <trkpt lat="42.78652" lon="0.58966">
        <ele>713</ele>
        <time>2024-05-05T08:30:00+00:00</time>
      </trkpt>
      <trkpt lat="42.78629" lon="0.58985">
        <ele>714</ele>
        <time>2024-05-05T08:30:03+00:00</time>
      </trkpt>
      <trkpt lat="42.78606" lon="0.58981">
        <ele>714</ele>
        <time>2024-05-05T08:30:06+00:00</time>
      </trkpt>
      <trkpt lat="42.78581" lon="0.58982">
        <ele>713</ele>
        <time>2024-05-05T08:30:09+00:00</time>
      </trkpt>
      <trkpt lat="42.78568" lon="0.59002">
        <ele>713</ele>
        <time>2024-05-05T08:30:12+00:00</time>
      </trkpt>
      <trkpt lat="42.78573" lon="0.59033">
        <ele>703</ele>
        <time>2024-05-05T08:30:15+00:00</time>
      </trkpt>
      <trkpt lat="42.78567" lon="0.59065">
        <ele>700</ele>
        <time>2024-05-05T08:30:18+00:00</time>
      </trkpt>
      <trkpt lat="42.78567" lon="0.59094">
        <ele>699</ele>
        <time>2024-05-05T08:30:21+00:00</time>
      </trkpt>
      <trkpt lat="42.78541" lon="0.59133">
        <ele>703</ele>
        <time>2024-05-05T08:30:24+00:00</time>
      </trkpt>
      <trkpt lat="42.78523" lon="0.59162">
        <ele>703</ele>
        <time>2024-05-05T08:30:27+00:00</time>
      </trkpt>
      <trkpt lat="42.78513" lon="0.59199">
        <ele>703</ele>
        <time>2024-05-05T08:30:30+00:00</time>
      </trkpt>
      <trkpt lat="42.78499" lon="0.59249">
        <ele>703</ele>
        <time>2024-05-05T08:30:33+00:00</time>
      </trkpt>
      <trkpt lat="42.78463" lon="0.59294">
        <ele>698</ele>
        <time>2024-05-05T08:30:36+00:00</time>
      </trkpt>
      <trkpt lat="42.7843" lon="0.59318">
        <ele>693</ele>
        <time>2024-05-05T08:30:39+00:00</time>
      </trkpt>
      <trkpt lat="42.7839" lon="0.59352">
        <ele>697</ele>
        <time>2024-05-05T08:30:42+00:00</time>
      </trkpt>
      <trkpt lat="42.78369" lon="0.59369">
        <ele>699</ele>
        <time>2024-05-05T08:30:45+00:00</time>
      </trkpt>
      <trkpt lat="42.78347" lon="0.59386">
        <ele>699</ele>
        <time>2024-05-05T08:30:48+00:00</time>
      </trkpt>
      <trkpt lat="42.78327" lon="0.59406">
        <ele>699</ele>
        <time>2024-05-05T08:30:51+00:00</time>
      </trkpt>
      <trkpt lat="42.78307" lon="0.59426">
        <ele>694</ele>
        <time>2024-05-05T08:30:54+00:00</time>
      </trkpt>
      <trkpt lat="42.78285" lon="0.59459">
        <ele>692</ele>
        <time>2024-05-05T08:30:57+00:00</time>
      </trkpt>
      <trkpt lat="42.78326" lon="0.59446">
        <ele>677</ele>
        <time>2024-05-05T08:31:00+00:00</time>
      </trkpt>
      <trkpt lat="42.78361" lon="0.59421">
        <ele>667</ele>
        <time>2024-05-05T08:31:03+00:00</time>
      </trkpt>
      <trkpt lat="42.78362" lon="0.59445">
        <ele>663</ele>
        <time>2024-05-05T08:31:06+00:00</time>
      </trkpt>
      <trkpt lat="42.78345" lon="0.59465">
        <ele>659</ele>
        <time>2024-05-05T08:31:09+00:00</time>
      </trkpt>
      <trkpt lat="42.78337" lon="0.59512">
        <ele>651</ele>
        <time>2024-05-05T08:31:12+00:00</time>
      </trkpt>
      <trkpt lat="42.78322" lon="0.59539">
        <ele>650</ele>
        <time>2024-05-05T08:31:15+00:00</time>
      </trkpt>
      <trkpt lat="42.783" lon="0.59584">
        <ele>645</ele>
        <time>2024-05-05T08:31:18+00:00</time>
      </trkpt>
      <trkpt lat="42.7832" lon="0.59598">
        <ele>643</ele>
        <time>2024-05-05T08:31:21+00:00</time>
      </trkpt>
      <trkpt lat="42.7837" lon="0.59624">
        <ele>634</ele>
        <time>2024-05-05T08:31:24+00:00</time>
      </trkpt>
      <trkpt lat="42.78394" lon="0.59604">
        <ele>633</ele>
        <time>2024-05-05T08:31:27+00:00</time>
      </trkpt>
      <trkpt lat="42.78427" lon="0.59578">
        <ele>633</ele>
        <time>2024-05-05T08:31:30+00:00</time>
      </trkpt>
      <trkpt lat="42.78443" lon="0.59552">
        <ele>633</ele>
        <time>2024-05-05T08:31:33+00:00</time>
      </trkpt>
      <trkpt lat="42.78467" lon="0.59549">
        <ele>632</ele>
        <time>2024-05-05T08:31:36+00:00</time>
      </trkpt>
      <trkpt lat="42.78496" lon="0.59511">
        <ele>631</ele>
        <time>2024-05-05T08:31:39+00:00</time>
      </trkpt>
      <trkpt lat="42.78513" lon="0.59495">
        <ele>630</ele>
        <time>2024-05-05T08:31:42+00:00</time>
      </trkpt>
      <trkpt lat="42.78534" lon="0.59489">
        <ele>630</ele>
        <time>2024-05-05T08:31:45+00:00</time>
      </trkpt>
      <trkpt lat="42.78548" lon="0.5952">
        <ele>630</ele>
        <time>2024-05-05T08:31:48+00:00</time>
      </trkpt>
      <trkpt lat="42.78563" lon="0.59555">
        <ele>630</ele>
        <time>2024-05-05T08:31:51+00:00</time>
      </trkpt>
      <trkpt lat="42.78581" lon="0.59615">
        <ele>629</ele>
        <time>2024-05-05T08:31:54+00:00</time>
      </trkpt>
      <trkpt lat="42.78591" lon="0.59652">
        <ele>629</ele>
        <time>2024-05-05T08:31:57+00:00</time>
      </trkpt>
      <trkpt lat="42.78605" lon="0.59705">
        <ele>629</ele>
        <time>2024-05-05T08:32:00+00:00</time>
      </trkpt>
      <trkpt lat="42.78617" lon="0.59746">
        <ele>629</ele>
        <time>2024-05-05T08:32:03+00:00</time>
      </trkpt>
      <trkpt lat="42.78628" lon="0.59779">
        <ele>629</ele>
        <time>2024-05-05T08:32:06+00:00</time>
      </trkpt>
      <trkpt lat="42.78666" lon="0.5977">
        <ele>628</ele>
        <time>2024-05-05T08:32:09+00:00</time>
      </trkpt>
      <trkpt lat="42.78699" lon="0.59753">
        <ele>628</ele>
        <time>2024-05-05T08:32:12+00:00</time>
      </trkpt>
      <trkpt lat="42.78718" lon="0.59742">
        <ele>627</ele>
        <time>2024-05-05T08:32:15+00:00</time>
      </trkpt>
      <trkpt lat="42.78745" lon="0.59725">
        <ele>627</ele>
        <time>2024-05-05T08:32:18+00:00</time>
      </trkpt>
      <trkpt lat="42.7877" lon="0.59719">
        <ele>627</ele>
        <time>2024-05-05T08:32:21+00:00</time>
      </trkpt>
      <trkpt lat="42.78798" lon="0.59707">
        <ele>626</ele>
        <time>2024-05-05T08:32:24+00:00</time>
      </trkpt>
      <trkpt lat="42.78816" lon="0.5968">
        <ele>626</ele>
        <time>2024-05-05T08:32:27+00:00</time>
      </trkpt>
      <trkpt lat="42.78836" lon="0.59664">
        <ele>626</ele>
        <time>2024-05-05T08:32:30+00:00</time>
      </trkpt>
    </trkseg>
  </trk>
</gpx>
