<?xml version="1.0" encoding="UTF-8" ?>
<gpx version="1.1" xmlns:xsi="http://www.w3.org/2001/XMLSchema-instance" 
    xmlns="http://www.topografix.com/GPX/1/1" 
    xsi:schemaLocation="http://www.topografix.com/GPX/1/1 http://www.topografix.com/GPX/1/1/gpx.xsd" 
    creator="WeRun - https://werun.world" >	<trk>
						<name>WeRun-18581279</name>
						<trkseg>
					<trkpt lat="43.236430" lon="6.076790">
						<ele>134</ele>
						<time>2024-03-21T05:04:00Z</time>
					</trkpt>
					<trkpt lat="43.236970" lon="6.077090">
						<ele>135</ele>
						<time>2024-03-21T05:04:29Z</time>
					</trkpt>
					<trkpt lat="43.237020" lon="6.076520">
						<ele>136</ele>
						<time>2024-03-21T05:04:50Z</time>
					</trkpt>
					<trkpt lat="43.236560" lon="6.076220">
						<ele>136</ele>
						<time>2024-03-21T05:05:16Z</time>
					</trkpt>
					<trkpt lat="43.237850" lon="6.073120">
						<ele>141</ele>
						<time>2024-03-21T05:07:26Z</time>
					</trkpt>
					<trkpt lat="43.237870" lon="6.072910">
						<ele>141</ele>
						<time>2024-03-21T05:07:33Z</time>
					</trkpt>
					<trkpt lat="43.237490" lon="6.072460">
						<ele>141</ele>
						<time>2024-03-21T05:07:59Z</time>
					</trkpt>
					<trkpt lat="43.237530" lon="6.072130">
						<ele>143</ele>
						<time>2024-03-21T05:08:11Z</time>
					</trkpt>
					<trkpt lat="43.237450" lon="6.072020">
						<ele>143</ele>
						<time>2024-03-21T05:08:16Z</time>
					</trkpt>
					<trkpt lat="43.237570" lon="6.071730">
						<ele>145</ele>
						<time>2024-03-21T05:08:29Z</time>
					</trkpt>
					<trkpt lat="43.237780" lon="6.071490">
						<ele>147</ele>
						<time>2024-03-21T05:08:42Z</time>
					</trkpt>
					<trkpt lat="43.238020" lon="6.070920">
						<ele>149</ele>
						<time>2024-03-21T05:09:06Z</time>
					</trkpt>
					<trkpt lat="43.240500" lon="6.067570">
						<ele>151</ele>
						<time>2024-03-21T05:12:00Z</time>
					</trkpt>
					<trkpt lat="43.240810" lon="6.066770">
						<ele>151</ele>
						<time>2024-03-21T05:12:33Z</time>
					</trkpt>
					<trkpt lat="43.240650" lon="6.066360">
						<ele>153</ele>
						<time>2024-03-21T05:12:50Z</time>
					</trkpt>
					<trkpt lat="43.240460" lon="6.065720">
						<ele>156</ele>
						<time>2024-03-21T05:13:16Z</time>
					</trkpt>
					<trkpt lat="43.239920" lon="6.064430">
						<ele>159</ele>
						<time>2024-03-21T05:14:10Z</time>
					</trkpt>
					<trkpt lat="43.239910" lon="6.064310">
						<ele>160</ele>
						<time>2024-03-21T05:14:14Z</time>
					</trkpt>
					<trkpt lat="43.239970" lon="6.064270">
						<ele>158</ele>
						<time>2024-03-21T05:14:18Z</time>
					</trkpt>
					<trkpt lat="43.239890" lon="6.063980">
						<ele>161</ele>
						<time>2024-03-21T05:14:29Z</time>
					</trkpt>
					<trkpt lat="43.239870" lon="6.063400">
						<ele>163</ele>
						<time>2024-03-21T05:14:50Z</time>
					</trkpt>
					<trkpt lat="43.239740" lon="6.062630">
						<ele>167</ele>
						<time>2024-03-21T05:15:19Z</time>
					</trkpt>
					<trkpt lat="43.239820" lon="6.061880">
						<ele>172</ele>
						<time>2024-03-21T05:15:46Z</time>
					</trkpt>
					<trkpt lat="43.239780" lon="6.061650">
						<ele>173</ele>
						<time>2024-03-21T05:15:55Z</time>
					</trkpt>
					<trkpt lat="43.239620" lon="6.061230">
						<ele>173</ele>
						<time>2024-03-21T05:16:12Z</time>
					</trkpt>
					<trkpt lat="43.239500" lon="6.060500">
						<ele>176</ele>
						<time>2024-03-21T05:16:40Z</time>
					</trkpt>
					<trkpt lat="43.239510" lon="6.060440">
						<ele>176</ele>
						<time>2024-03-21T05:16:42Z</time>
					</trkpt>
					<trkpt lat="43.239900" lon="6.059690">
						<ele>185</ele>
						<time>2024-03-21T05:17:15Z</time>
					</trkpt>
					<trkpt lat="43.240120" lon="6.059010">
						<ele>188</ele>
						<time>2024-03-21T05:17:43Z</time>
					</trkpt>
					<trkpt lat="43.240190" lon="6.058510">
						<ele>190</ele>
						<time>2024-03-21T05:18:01Z</time>
					</trkpt>
					<trkpt lat="43.240140" lon="6.058180">
						<ele>190</ele>
						<time>2024-03-21T05:18:13Z</time>
					</trkpt>
					<trkpt lat="43.240050" lon="6.057940">
						<ele>189</ele>
						<time>2024-03-21T05:18:23Z</time>
					</trkpt>
					<trkpt lat="43.240060" lon="6.057830">
						<ele>190</ele>
						<time>2024-03-21T05:18:27Z</time>
					</trkpt>
					<trkpt lat="43.240270" lon="6.057350">
						<ele>195</ele>
						<time>2024-03-21T05:18:48Z</time>
					</trkpt>
					<trkpt lat="43.240380" lon="6.057180">
						<ele>197</ele>
						<time>2024-03-21T05:18:56Z</time>
					</trkpt>
					<trkpt lat="43.240420" lon="6.057070">
						<ele>198</ele>
						<time>2024-03-21T05:19:01Z</time>
					</trkpt>
					<trkpt lat="43.240570" lon="6.056810">
						<ele>198</ele>
						<time>2024-03-21T05:19:13Z</time>
					</trkpt>
					<trkpt lat="43.240730" lon="6.056600">
						<ele>197</ele>
						<time>2024-03-21T05:19:24Z</time>
					</trkpt>
					<trkpt lat="43.241060" lon="6.056050">
						<ele>201</ele>
						<time>2024-03-21T05:19:50Z</time>
					</trkpt>
					<trkpt lat="43.241110" lon="6.055920">
						<ele>202</ele>
						<time>2024-03-21T05:19:55Z</time>
					</trkpt>
					<trkpt lat="43.241140" lon="6.055760">
						<ele>202</ele>
						<time>2024-03-21T05:20:01Z</time>
					</trkpt>
					<trkpt lat="43.241170" lon="6.055170">
						<ele>203</ele>
						<time>2024-03-21T05:20:23Z</time>
					</trkpt>
					<trkpt lat="43.241290" lon="6.054700">
						<ele>206</ele>
						<time>2024-03-21T05:20:41Z</time>
					</trkpt>
					<trkpt lat="43.241310" lon="6.054540">
						<ele>207</ele>
						<time>2024-03-21T05:20:47Z</time>
					</trkpt>
					<trkpt lat="43.241320" lon="6.054320">
						<ele>208</ele>
						<time>2024-03-21T05:20:55Z</time>
					</trkpt>
					<trkpt lat="43.241300" lon="6.054130">
						<ele>209</ele>
						<time>2024-03-21T05:21:02Z</time>
					</trkpt>
					<trkpt lat="43.241400" lon="6.053610">
						<ele>212</ele>
						<time>2024-03-21T05:21:21Z</time>
					</trkpt>
					<trkpt lat="43.241440" lon="6.053040">
						<ele>216</ele>
						<time>2024-03-21T05:21:42Z</time>
					</trkpt>
					<trkpt lat="43.241560" lon="6.052350">
						<ele>219</ele>
						<time>2024-03-21T05:22:08Z</time>
					</trkpt>
					<trkpt lat="43.241590" lon="6.051810">
						<ele>219</ele>
						<time>2024-03-21T05:22:28Z</time>
					</trkpt>
					<trkpt lat="43.241760" lon="6.051170">
						<ele>222</ele>
						<time>2024-03-21T05:22:53Z</time>
					</trkpt>
					<trkpt lat="43.242020" lon="6.049310">
						<ele>231</ele>
						<time>2024-03-21T05:24:02Z</time>
					</trkpt>
					<trkpt lat="43.242110" lon="6.049020">
						<ele>233</ele>
						<time>2024-03-21T05:24:13Z</time>
					</trkpt>
					<trkpt lat="43.242390" lon="6.048500">
						<ele>233</ele>
						<time>2024-03-21T05:24:37Z</time>
					</trkpt>
					<trkpt lat="43.242560" lon="6.048040">
						<ele>236</ele>
						<time>2024-03-21T05:24:56Z</time>
					</trkpt>
					<trkpt lat="43.242640" lon="6.047920">
						<ele>238</ele>
						<time>2024-03-21T05:25:01Z</time>
					</trkpt>
					<trkpt lat="43.242810" lon="6.047440">
						<ele>244</ele>
						<time>2024-03-21T05:25:21Z</time>
					</trkpt>
					<trkpt lat="43.243170" lon="6.046830">
						<ele>248</ele>
						<time>2024-03-21T05:25:50Z</time>
					</trkpt>
					<trkpt lat="43.243280" lon="6.046520">
						<ele>249</ele>
						<time>2024-03-21T05:26:02Z</time>
					</trkpt>
					<trkpt lat="43.243250" lon="6.046250">
						<ele>251</ele>
						<time>2024-03-21T05:26:12Z</time>
					</trkpt>
					<trkpt lat="43.243270" lon="6.045990">
						<ele>253</ele>
						<time>2024-03-21T05:26:22Z</time>
					</trkpt>
					<trkpt lat="43.243160" lon="6.045600">
						<ele>257</ele>
						<time>2024-03-21T05:26:37Z</time>
					</trkpt>
					<trkpt lat="43.243130" lon="6.045360">
						<ele>259</ele>
						<time>2024-03-21T05:26:46Z</time>
					</trkpt>
					<trkpt lat="43.243150" lon="6.045170">
						<ele>259</ele>
						<time>2024-03-21T05:26:53Z</time>
					</trkpt>
					<trkpt lat="43.243110" lon="6.044980">
						<ele>261</ele>
						<time>2024-03-21T05:27:00Z</time>
					</trkpt>
					<trkpt lat="43.243080" lon="6.044420">
						<ele>263</ele>
						<time>2024-03-21T05:27:20Z</time>
					</trkpt>
					<trkpt lat="43.243110" lon="6.044390">
						<ele>263</ele>
						<time>2024-03-21T05:27:22Z</time>
					</trkpt>
					<trkpt lat="43.243230" lon="6.044400">
						<ele>261</ele>
						<time>2024-03-21T05:27:28Z</time>
					</trkpt>
					<trkpt lat="43.243370" lon="6.044360">
						<ele>260</ele>
						<time>2024-03-21T05:27:35Z</time>
					</trkpt>
					<trkpt lat="43.243420" lon="6.044370">
						<ele>262</ele>
						<time>2024-03-21T05:27:38Z</time>
					</trkpt>
					<trkpt lat="43.243450" lon="6.044410">
						<ele>262</ele>
						<time>2024-03-21T05:27:40Z</time>
					</trkpt>
					<trkpt lat="43.243610" lon="6.044340">
						<ele>267</ele>
						<time>2024-03-21T05:27:48Z</time>
					</trkpt>
					<trkpt lat="43.243740" lon="6.044450">
						<ele>270</ele>
						<time>2024-03-21T05:27:56Z</time>
					</trkpt>
					<trkpt lat="43.243800" lon="6.044690">
						<ele>272</ele>
						<time>2024-03-21T05:28:05Z</time>
					</trkpt>
					<trkpt lat="43.244030" lon="6.044880">
						<ele>280</ele>
						<time>2024-03-21T05:28:19Z</time>
					</trkpt>
					<trkpt lat="43.244150" lon="6.045080">
						<ele>284</ele>
						<time>2024-03-21T05:28:28Z</time>
					</trkpt>
					<trkpt lat="43.244270" lon="6.045110">
						<ele>289</ele>
						<time>2024-03-21T05:28:34Z</time>
					</trkpt>
					<trkpt lat="43.244410" lon="6.045190">
						<ele>294</ele>
						<time>2024-03-21T05:28:42Z</time>
					</trkpt>
					<trkpt lat="43.244480" lon="6.045320">
						<ele>296</ele>
						<time>2024-03-21T05:28:48Z</time>
					</trkpt>
					<trkpt lat="43.244670" lon="6.045350">
						<ele>304</ele>
						<time>2024-03-21T05:28:57Z</time>
					</trkpt>
					<trkpt lat="43.244790" lon="6.045410">
						<ele>309</ele>
						<time>2024-03-21T05:29:04Z</time>
					</trkpt>
					<trkpt lat="43.244910" lon="6.045360">
						<ele>314</ele>
						<time>2024-03-21T05:29:10Z</time>
					</trkpt>
					<trkpt lat="43.245080" lon="6.045500">
						<ele>321</ele>
						<time>2024-03-21T05:29:20Z</time>
					</trkpt>
					<trkpt lat="43.245180" lon="6.045550">
						<ele>325</ele>
						<time>2024-03-21T05:29:25Z</time>
					</trkpt>
					<trkpt lat="43.245230" lon="6.045540">
						<ele>327</ele>
						<time>2024-03-21T05:29:28Z</time>
					</trkpt>
					<trkpt lat="43.245350" lon="6.045710">
						<ele>332</ele>
						<time>2024-03-21T05:29:36Z</time>
					</trkpt>
					<trkpt lat="43.245570" lon="6.045710">
						<ele>340</ele>
						<time>2024-03-21T05:29:47Z</time>
					</trkpt>
					<trkpt lat="43.245600" lon="6.045750">
						<ele>341</ele>
						<time>2024-03-21T05:29:50Z</time>
					</trkpt>
					<trkpt lat="43.245640" lon="6.045910">
						<ele>343</ele>
						<time>2024-03-21T05:29:56Z</time>
					</trkpt>
					<trkpt lat="43.245680" lon="6.045920">
						<ele>345</ele>
						<time>2024-03-21T05:29:58Z</time>
					</trkpt>
					<trkpt lat="43.245780" lon="6.046090">
						<ele>347</ele>
						<time>2024-03-21T05:30:06Z</time>
					</trkpt>
					<trkpt lat="43.245840" lon="6.046140">
						<ele>349</ele>
						<time>2024-03-21T05:30:09Z</time>
					</trkpt>
					<trkpt lat="43.245890" lon="6.046340">
						<ele>349</ele>
						<time>2024-03-21T05:30:17Z</time>
					</trkpt>
					<trkpt lat="43.245980" lon="6.046420">
						<ele>351</ele>
						<time>2024-03-21T05:30:22Z</time>
					</trkpt>
					<trkpt lat="43.246050" lon="6.046540">
						<ele>352</ele>
						<time>2024-03-21T05:30:28Z</time>
					</trkpt>
					<trkpt lat="43.246380" lon="6.046930">
						<ele>358</ele>
						<time>2024-03-21T05:30:50Z</time>
					</trkpt>
					<trkpt lat="43.246550" lon="6.047000">
						<ele>362</ele>
						<time>2024-03-21T05:30:59Z</time>
					</trkpt>
					<trkpt lat="43.246650" lon="6.047110">
						<ele>364</ele>
						<time>2024-03-21T05:31:05Z</time>
					</trkpt>
					<trkpt lat="43.246740" lon="6.047170">
						<ele>363</ele>
						<time>2024-03-21T05:31:10Z</time>
					</trkpt>
					<trkpt lat="43.246790" lon="6.047070">
						<ele>363</ele>
						<time>2024-03-21T05:31:14Z</time>
					</trkpt>
					<trkpt lat="43.246810" lon="6.046850">
						<ele>366</ele>
						<time>2024-03-21T05:31:22Z</time>
					</trkpt>
					<trkpt lat="43.246860" lon="6.046660">
						<ele>367</ele>
						<time>2024-03-21T05:31:30Z</time>
					</trkpt>
					<trkpt lat="43.247130" lon="6.046070">
						<ele>365</ele>
						<time>2024-03-21T05:31:55Z</time>
					</trkpt>
					<trkpt lat="43.247300" lon="6.045370">
						<ele>362</ele>
						<time>2024-03-21T05:32:22Z</time>
					</trkpt>
					<trkpt lat="43.247110" lon="6.044900">
						<ele>362</ele>
						<time>2024-03-21T05:32:42Z</time>
					</trkpt>
					<trkpt lat="43.247070" lon="6.044340">
						<ele>358</ele>
						<time>2024-03-21T05:33:02Z</time>
					</trkpt>
					<trkpt lat="43.247160" lon="6.043820">
						<ele>356</ele>
						<time>2024-03-21T05:33:22Z</time>
					</trkpt>
					<trkpt lat="43.247240" lon="6.043620">
						<ele>357</ele>
						<time>2024-03-21T05:33:30Z</time>
					</trkpt>
					<trkpt lat="43.247320" lon="6.043550">
						<ele>358</ele>
						<time>2024-03-21T05:33:35Z</time>
					</trkpt>
					<trkpt lat="43.247400" lon="6.043420">
						<ele>359</ele>
						<time>2024-03-21T05:33:41Z</time>
					</trkpt>
					<trkpt lat="43.247510" lon="6.042920">
						<ele>360</ele>
						<time>2024-03-21T05:34:00Z</time>
					</trkpt>
					<trkpt lat="43.247490" lon="6.042800">
						<ele>360</ele>
						<time>2024-03-21T05:34:05Z</time>
					</trkpt>
					<trkpt lat="43.247430" lon="6.042690">
						<ele>360</ele>
						<time>2024-03-21T05:34:10Z</time>
					</trkpt>
					<trkpt lat="43.247470" lon="6.042250">
						<ele>361</ele>
						<time>2024-03-21T05:34:26Z</time>
					</trkpt>
					<trkpt lat="43.247420" lon="6.042000">
						<ele>361</ele>
						<time>2024-03-21T05:34:35Z</time>
					</trkpt>
					<trkpt lat="43.247440" lon="6.041890">
						<ele>362</ele>
						<time>2024-03-21T05:34:39Z</time>
					</trkpt>
					<trkpt lat="43.247550" lon="6.041790">
						<ele>362</ele>
						<time>2024-03-21T05:34:46Z</time>
					</trkpt>
					<trkpt lat="43.247590" lon="6.041700">
						<ele>361</ele>
						<time>2024-03-21T05:34:50Z</time>
					</trkpt>
					<trkpt lat="43.247510" lon="6.041300">
						<ele>365</ele>
						<time>2024-03-21T05:35:05Z</time>
					</trkpt>
					<trkpt lat="43.247530" lon="6.041180">
						<ele>365</ele>
						<time>2024-03-21T05:35:09Z</time>
					</trkpt>
					<trkpt lat="43.247510" lon="6.040970">
						<ele>367</ele>
						<time>2024-03-21T05:35:17Z</time>
					</trkpt>
					<trkpt lat="43.247610" lon="6.040310">
						<ele>371</ele>
						<time>2024-03-21T05:35:42Z</time>
					</trkpt>
					<trkpt lat="43.247630" lon="6.039660">
						<ele>379</ele>
						<time>2024-03-21T05:36:05Z</time>
					</trkpt>
					<trkpt lat="43.247730" lon="6.039310">
						<ele>383</ele>
						<time>2024-03-21T05:36:19Z</time>
					</trkpt>
					<trkpt lat="43.247710" lon="6.039080">
						<ele>386</ele>
						<time>2024-03-21T05:36:27Z</time>
					</trkpt>
					<trkpt lat="43.247600" lon="6.038790">
						<ele>390</ele>
						<time>2024-03-21T05:36:39Z</time>
					</trkpt>
					<trkpt lat="43.247740" lon="6.038560">
						<ele>391</ele>
						<time>2024-03-21T05:36:50Z</time>
					</trkpt>
					<trkpt lat="43.247830" lon="6.038280">
						<ele>393</ele>
						<time>2024-03-21T05:37:01Z</time>
					</trkpt>
					<trkpt lat="43.247820" lon="6.038220">
						<ele>394</ele>
						<time>2024-03-21T05:37:04Z</time>
					</trkpt>
					<trkpt lat="43.247770" lon="6.038180">
						<ele>395</ele>
						<time>2024-03-21T05:37:07Z</time>
					</trkpt>
					<trkpt lat="43.247730" lon="6.038100">
						<ele>395</ele>
						<time>2024-03-21T05:37:10Z</time>
					</trkpt>
					<trkpt lat="43.247740" lon="6.037940">
						<ele>397</ele>
						<time>2024-03-21T05:37:16Z</time>
					</trkpt>
					<trkpt lat="43.247830" lon="6.037740">
						<ele>399</ele>
						<time>2024-03-21T05:37:25Z</time>
					</trkpt>
					<trkpt lat="43.247920" lon="6.037660">
						<ele>401</ele>
						<time>2024-03-21T05:37:30Z</time>
					</trkpt>
					<trkpt lat="43.248000" lon="6.037520">
						<ele>403</ele>
						<time>2024-03-21T05:37:36Z</time>
					</trkpt>
					<trkpt lat="43.248100" lon="6.037220">
						<ele>405</ele>
						<time>2024-03-21T05:37:48Z</time>
					</trkpt>
					<trkpt lat="43.248090" lon="6.037190">
						<ele>405</ele>
						<time>2024-03-21T05:37:50Z</time>
					</trkpt>
					<trkpt lat="43.247880" lon="6.037090">
						<ele>403</ele>
						<time>2024-03-21T05:38:01Z</time>
					</trkpt>
					<trkpt lat="43.247670" lon="6.036790">
						<ele>401</ele>
						<time>2024-03-21T05:38:16Z</time>
					</trkpt>
					<trkpt lat="43.247440" lon="6.036540">
						<ele>396</ele>
						<time>2024-03-21T05:38:31Z</time>
					</trkpt>
					<trkpt lat="43.247400" lon="6.036220">
						<ele>392</ele>
						<time>2024-03-21T05:38:42Z</time>
					</trkpt>
					<trkpt lat="43.247470" lon="6.035970">
						<ele>391</ele>
						<time>2024-03-21T05:38:52Z</time>
					</trkpt>
					<trkpt lat="43.247470" lon="6.035880">
						<ele>390</ele>
						<time>2024-03-21T05:38:56Z</time>
					</trkpt>
					<trkpt lat="43.247250" lon="6.035760">
						<ele>383</ele>
						<time>2024-03-21T05:39:07Z</time>
					</trkpt>
					<trkpt lat="43.247090" lon="6.035580">
						<ele>378</ele>
						<time>2024-03-21T05:39:18Z</time>
					</trkpt>
					<trkpt lat="43.247130" lon="6.035350">
						<ele>377</ele>
						<time>2024-03-21T05:39:26Z</time>
					</trkpt>
					<trkpt lat="43.247120" lon="6.035300">
						<ele>376</ele>
						<time>2024-03-21T05:39:28Z</time>
					</trkpt>
					<trkpt lat="43.246990" lon="6.035100">
						<ele>373</ele>
						<time>2024-03-21T05:39:38Z</time>
					</trkpt>
					<trkpt lat="43.246940" lon="6.034840">
						<ele>371</ele>
						<time>2024-03-21T05:39:48Z</time>
					</trkpt>
					<trkpt lat="43.246800" lon="6.034380">
						<ele>370</ele>
						<time>2024-03-21T05:40:06Z</time>
					</trkpt>
					<trkpt lat="43.246660" lon="6.034200">
						<ele>371</ele>
						<time>2024-03-21T05:40:16Z</time>
					</trkpt>
					<trkpt lat="43.246470" lon="6.033450">
						<ele>369</ele>
						<time>2024-03-21T05:40:45Z</time>
					</trkpt>
					<trkpt lat="43.246450" lon="6.033050">
						<ele>371</ele>
						<time>2024-03-21T05:40:59Z</time>
					</trkpt>
					<trkpt lat="43.246500" lon="6.032830">
						<ele>372</ele>
						<time>2024-03-21T05:41:08Z</time>
					</trkpt>
					<trkpt lat="43.246500" lon="6.032650">
						<ele>373</ele>
						<time>2024-03-21T05:41:14Z</time>
					</trkpt>
					<trkpt lat="43.246350" lon="6.031940">
						<ele>375</ele>
						<time>2024-03-21T05:41:41Z</time>
					</trkpt>
					<trkpt lat="43.246320" lon="6.031600">
						<ele>376</ele>
						<time>2024-03-21T05:41:54Z</time>
					</trkpt>
					<trkpt lat="43.246300" lon="6.031570">
						<ele>376</ele>
						<time>2024-03-21T05:41:55Z</time>
					</trkpt>
					<trkpt lat="43.246150" lon="6.031530">
						<ele>375</ele>
						<time>2024-03-21T05:42:03Z</time>
					</trkpt>
					<trkpt lat="43.246100" lon="6.031430">
						<ele>376</ele>
						<time>2024-03-21T05:42:07Z</time>
					</trkpt>
					<trkpt lat="43.246150" lon="6.030800">
						<ele>380</ele>
						<time>2024-03-21T05:42:30Z</time>
					</trkpt>
					<trkpt lat="43.246140" lon="6.030590">
						<ele>381</ele>
						<time>2024-03-21T05:42:38Z</time>
					</trkpt>
					<trkpt lat="43.246200" lon="6.030400">
						<ele>383</ele>
						<time>2024-03-21T05:42:45Z</time>
					</trkpt>
					<trkpt lat="43.246250" lon="6.029990">
						<ele>386</ele>
						<time>2024-03-21T05:43:01Z</time>
					</trkpt>
					<trkpt lat="43.246300" lon="6.029980">
						<ele>387</ele>
						<time>2024-03-21T05:43:03Z</time>
					</trkpt>
					<trkpt lat="43.246360" lon="6.030060">
						<ele>386</ele>
						<time>2024-03-21T05:43:07Z</time>
					</trkpt>
					<trkpt lat="43.246400" lon="6.030070">
						<ele>386</ele>
						<time>2024-03-21T05:43:09Z</time>
					</trkpt>
					<trkpt lat="43.246600" lon="6.029980">
						<ele>389</ele>
						<time>2024-03-21T05:43:20Z</time>
					</trkpt>
					<trkpt lat="43.246820" lon="6.029760">
						<ele>390</ele>
						<time>2024-03-21T05:43:33Z</time>
					</trkpt>
					<trkpt lat="43.246960" lon="6.029380">
						<ele>394</ele>
						<time>2024-03-21T05:43:49Z</time>
					</trkpt>
					<trkpt lat="43.246940" lon="6.029090">
						<ele>398</ele>
						<time>2024-03-21T05:44:00Z</time>
					</trkpt>
					<trkpt lat="43.246870" lon="6.028840">
						<ele>400</ele>
						<time>2024-03-21T05:44:09Z</time>
					</trkpt>
					<trkpt lat="43.246890" lon="6.028460">
						<ele>403</ele>
						<time>2024-03-21T05:44:23Z</time>
					</trkpt>
					<trkpt lat="43.246850" lon="6.027830">
						<ele>409</ele>
						<time>2024-03-21T05:44:46Z</time>
					</trkpt>
					<trkpt lat="43.246760" lon="6.027520">
						<ele>411</ele>
						<time>2024-03-21T05:44:58Z</time>
					</trkpt>
					<trkpt lat="43.246760" lon="6.027350">
						<ele>412</ele>
						<time>2024-03-21T05:45:05Z</time>
					</trkpt>
					<trkpt lat="43.246720" lon="6.027110">
						<ele>413</ele>
						<time>2024-03-21T05:45:14Z</time>
					</trkpt>
					<trkpt lat="43.246740" lon="6.026830">
						<ele>416</ele>
						<time>2024-03-21T05:45:24Z</time>
					</trkpt>
					<trkpt lat="43.246660" lon="6.026510">
						<ele>418</ele>
						<time>2024-03-21T05:45:36Z</time>
					</trkpt>
					<trkpt lat="43.246650" lon="6.025460">
						<ele>426</ele>
						<time>2024-03-21T05:46:14Z</time>
					</trkpt>
					<trkpt lat="43.246570" lon="6.025140">
						<ele>429</ele>
						<time>2024-03-21T05:46:27Z</time>
					</trkpt>
					<trkpt lat="43.246560" lon="6.024780">
						<ele>428</ele>
						<time>2024-03-21T05:46:40Z</time>
					</trkpt>
					<trkpt lat="43.246520" lon="6.024670">
						<ele>428</ele>
						<time>2024-03-21T05:46:44Z</time>
					</trkpt>
					<trkpt lat="43.246520" lon="6.024480">
						<ele>427</ele>
						<time>2024-03-21T05:46:51Z</time>
					</trkpt>
					<trkpt lat="43.246590" lon="6.024400">
						<ele>426</ele>
						<time>2024-03-21T05:46:56Z</time>
					</trkpt>
					<trkpt lat="43.246930" lon="6.023670">
						<ele>425</ele>
						<time>2024-03-21T05:47:28Z</time>
					</trkpt>
					<trkpt lat="43.247110" lon="6.023150">
						<ele>424</ele>
						<time>2024-03-21T05:47:48Z</time>
					</trkpt>
					<trkpt lat="43.247460" lon="6.021800">
						<ele>421</ele>
						<time>2024-03-21T05:48:41Z</time>
					</trkpt>
					<trkpt lat="43.247580" lon="6.021470">
						<ele>421</ele>
						<time>2024-03-21T05:48:54Z</time>
					</trkpt>
					<trkpt lat="43.247780" lon="6.021260">
						<ele>421</ele>
						<time>2024-03-21T05:49:07Z</time>
					</trkpt>
					<trkpt lat="43.248350" lon="6.020880">
						<ele>425</ele>
						<time>2024-03-21T05:49:38Z</time>
					</trkpt>
					<trkpt lat="43.248540" lon="6.020630">
						<ele>423</ele>
						<time>2024-03-21T05:49:52Z</time>
					</trkpt>
					<trkpt lat="43.248620" lon="6.020210">
						<ele>421</ele>
						<time>2024-03-21T05:50:07Z</time>
					</trkpt>
					<trkpt lat="43.248570" lon="6.019060">
						<ele>415</ele>
						<time>2024-03-21T05:50:49Z</time>
					</trkpt>
					<trkpt lat="43.248580" lon="6.018890">
						<ele>414</ele>
						<time>2024-03-21T05:50:56Z</time>
					</trkpt>
					<trkpt lat="43.248630" lon="6.018400">
						<ele>411</ele>
						<time>2024-03-21T05:51:14Z</time>
					</trkpt>
					<trkpt lat="43.248740" lon="6.017940">
						<ele>408</ele>
						<time>2024-03-21T05:51:31Z</time>
					</trkpt>
					<trkpt lat="43.248840" lon="6.017640">
						<ele>407</ele>
						<time>2024-03-21T05:51:43Z</time>
					</trkpt>
					<trkpt lat="43.249160" lon="6.016980">
						<ele>408</ele>
						<time>2024-03-21T05:52:12Z</time>
					</trkpt>
					<trkpt lat="43.249810" lon="6.016020">
						<ele>409</ele>
						<time>2024-03-21T05:53:00Z</time>
					</trkpt>
					<trkpt lat="43.249870" lon="6.015990">
						<ele>408</ele>
						<time>2024-03-21T05:53:03Z</time>
					</trkpt>
					<trkpt lat="43.250010" lon="6.016030">
						<ele>407</ele>
						<time>2024-03-21T05:53:10Z</time>
					</trkpt>
					<trkpt lat="43.250640" lon="6.016100">
						<ele>418</ele>
						<time>2024-03-21T05:53:42Z</time>
					</trkpt>
					<trkpt lat="43.250810" lon="6.016140">
						<ele>421</ele>
						<time>2024-03-21T05:53:51Z</time>
					</trkpt>
					<trkpt lat="43.250980" lon="6.016290">
						<ele>421</ele>
						<time>2024-03-21T05:54:01Z</time>
					</trkpt>
					<trkpt lat="43.251100" lon="6.016440">
						<ele>420</ele>
						<time>2024-03-21T05:54:09Z</time>
					</trkpt>
					<trkpt lat="43.251200" lon="6.016490">
						<ele>420</ele>
						<time>2024-03-21T05:54:14Z</time>
					</trkpt>
					<trkpt lat="43.251260" lon="6.016500">
						<ele>420</ele>
						<time>2024-03-21T05:54:17Z</time>
					</trkpt>
					<trkpt lat="43.251350" lon="6.016470">
						<ele>420</ele>
						<time>2024-03-21T05:54:22Z</time>
					</trkpt>
					<trkpt lat="43.251520" lon="6.016460">
						<ele>420</ele>
						<time>2024-03-21T05:54:30Z</time>
					</trkpt>
					<trkpt lat="43.251920" lon="6.016590">
						<ele>422</ele>
						<time>2024-03-21T05:54:51Z</time>
					</trkpt>
					<trkpt lat="43.252190" lon="6.016630">
						<ele>424</ele>
						<time>2024-03-21T05:55:05Z</time>
					</trkpt>
					<trkpt lat="43.252420" lon="6.016580">
						<ele>425</ele>
						<time>2024-03-21T05:55:16Z</time>
					</trkpt>
					<trkpt lat="43.252700" lon="6.016610">
						<ele>427</ele>
						<time>2024-03-21T05:55:30Z</time>
					</trkpt>
					<trkpt lat="43.252850" lon="6.016560">
						<ele>428</ele>
						<time>2024-03-21T05:55:38Z</time>
					</trkpt>
					<trkpt lat="43.252980" lon="6.016570">
						<ele>429</ele>
						<time>2024-03-21T05:55:45Z</time>
					</trkpt>
					<trkpt lat="43.253340" lon="6.016500">
						<ele>433</ele>
						<time>2024-03-21T05:56:03Z</time>
					</trkpt>
					<trkpt lat="43.253620" lon="6.016370">
						<ele>433</ele>
						<time>2024-03-21T05:56:18Z</time>
					</trkpt>
					<trkpt lat="43.253720" lon="6.016350">
						<ele>434</ele>
						<time>2024-03-21T05:56:23Z</time>
					</trkpt>
					<trkpt lat="43.253980" lon="6.016390">
						<ele>434</ele>
						<time>2024-03-21T05:56:36Z</time>
					</trkpt>
					<trkpt lat="43.254280" lon="6.016360">
						<ele>438</ele>
						<time>2024-03-21T05:56:51Z</time>
					</trkpt>
					<trkpt lat="43.254390" lon="6.016370">
						<ele>441</ele>
						<time>2024-03-21T05:56:56Z</time>
					</trkpt>
					<trkpt lat="43.254440" lon="6.016430">
						<ele>443</ele>
						<time>2024-03-21T05:57:00Z</time>
					</trkpt>
					<trkpt lat="43.254480" lon="6.016720">
						<ele>445</ele>
						<time>2024-03-21T05:57:10Z</time>
					</trkpt>
					<trkpt lat="43.255040" lon="6.018470">
						<ele>442</ele>
						<time>2024-03-21T05:58:20Z</time>
					</trkpt>
					<trkpt lat="43.255150" lon="6.018690">
						<ele>445</ele>
						<time>2024-03-21T05:58:30Z</time>
					</trkpt>
					<trkpt lat="43.255370" lon="6.018950">
						<ele>450</ele>
						<time>2024-03-21T05:58:44Z</time>
					</trkpt>
					<trkpt lat="43.255490" lon="6.019250">
						<ele>452</ele>
						<time>2024-03-21T05:58:57Z</time>
					</trkpt>
					<trkpt lat="43.255620" lon="6.019370">
						<ele>456</ele>
						<time>2024-03-21T05:59:05Z</time>
					</trkpt>
					<trkpt lat="43.255700" lon="6.019550">
						<ele>458</ele>
						<time>2024-03-21T05:59:12Z</time>
					</trkpt>
					<trkpt lat="43.255700" lon="6.019640">
						<ele>458</ele>
						<time>2024-03-21T05:59:16Z</time>
					</trkpt>
					<trkpt lat="43.255600" lon="6.019800">
						<ele>454</ele>
						<time>2024-03-21T05:59:23Z</time>
					</trkpt>
					<trkpt lat="43.255520" lon="6.020170">
						<ele>452</ele>
						<time>2024-03-21T05:59:37Z</time>
					</trkpt>
					<trkpt lat="43.255490" lon="6.020390">
						<ele>452</ele>
						<time>2024-03-21T05:59:45Z</time>
					</trkpt>
					<trkpt lat="43.255470" lon="6.020950">
						<ele>454</ele>
						<time>2024-03-21T06:00:06Z</time>
					</trkpt>
					<trkpt lat="43.255490" lon="6.021150">
						<ele>455</ele>
						<time>2024-03-21T06:00:13Z</time>
					</trkpt>
					<trkpt lat="43.255570" lon="6.021400">
						<ele>459</ele>
						<time>2024-03-21T06:00:23Z</time>
					</trkpt>
					<trkpt lat="43.255590" lon="6.021540">
						<ele>460</ele>
						<time>2024-03-21T06:00:28Z</time>
					</trkpt>
					<trkpt lat="43.255570" lon="6.021940">
						<ele>460</ele>
						<time>2024-03-21T06:00:43Z</time>
					</trkpt>
					<trkpt lat="43.255620" lon="6.022220">
						<ele>461</ele>
						<time>2024-03-21T06:00:53Z</time>
					</trkpt>
					<trkpt lat="43.255610" lon="6.022340">
						<ele>461</ele>
						<time>2024-03-21T06:00:58Z</time>
					</trkpt>
					<trkpt lat="43.255640" lon="6.022390">
						<ele>461</ele>
						<time>2024-03-21T06:01:00Z</time>
					</trkpt>
					<trkpt lat="43.255710" lon="6.022420">
						<ele>463</ele>
						<time>2024-03-21T06:01:04Z</time>
					</trkpt>
					<trkpt lat="43.255880" lon="6.022900">
						<ele>460</ele>
						<time>2024-03-21T06:01:23Z</time>
					</trkpt>
					<trkpt lat="43.255970" lon="6.022970">
						<ele>462</ele>
						<time>2024-03-21T06:01:29Z</time>
					</trkpt>
					<trkpt lat="43.256000" lon="6.023030">
						<ele>461</ele>
						<time>2024-03-21T06:01:31Z</time>
					</trkpt>
					<trkpt lat="43.256090" lon="6.023240">
						<ele>461</ele>
						<time>2024-03-21T06:01:40Z</time>
					</trkpt>
					<trkpt lat="43.256150" lon="6.023480">
						<ele>457</ele>
						<time>2024-03-21T06:01:49Z</time>
					</trkpt>
					<trkpt lat="43.256300" lon="6.023480">
						<ele>462</ele>
						<time>2024-03-21T06:01:57Z</time>
					</trkpt>
					<trkpt lat="43.256350" lon="6.023430">
						<ele>465</ele>
						<time>2024-03-21T06:02:00Z</time>
					</trkpt>
					<trkpt lat="43.256430" lon="6.023480">
						<ele>467</ele>
						<time>2024-03-21T06:02:04Z</time>
					</trkpt>
					<trkpt lat="43.256550" lon="6.023500">
						<ele>470</ele>
						<time>2024-03-21T06:02:10Z</time>
					</trkpt>
					<trkpt lat="43.256690" lon="6.023630">
						<ele>471</ele>
						<time>2024-03-21T06:02:19Z</time>
					</trkpt>
					<trkpt lat="43.256740" lon="6.023800">
						<ele>469</ele>
						<time>2024-03-21T06:02:26Z</time>
					</trkpt>
					<trkpt lat="43.256820" lon="6.023810">
						<ele>472</ele>
						<time>2024-03-21T06:02:30Z</time>
					</trkpt>
					<trkpt lat="43.256990" lon="6.023910">
						<ele>476</ele>
						<time>2024-03-21T06:02:39Z</time>
					</trkpt>
					<trkpt lat="43.257020" lon="6.024070">
						<ele>473</ele>
						<time>2024-03-21T06:02:45Z</time>
					</trkpt>
					<trkpt lat="43.257090" lon="6.024120">
						<ele>475</ele>
						<time>2024-03-21T06:02:49Z</time>
					</trkpt>
					<trkpt lat="43.257170" lon="6.024110">
						<ele>478</ele>
						<time>2024-03-21T06:02:53Z</time>
					</trkpt>
					<trkpt lat="43.257220" lon="6.024060">
						<ele>481</ele>
						<time>2024-03-21T06:02:56Z</time>
					</trkpt>
					<trkpt lat="43.257310" lon="6.024060">
						<ele>485</ele>
						<time>2024-03-21T06:03:00Z</time>
					</trkpt>
					<trkpt lat="43.257380" lon="6.024000">
						<ele>489</ele>
						<time>2024-03-21T06:03:05Z</time>
					</trkpt>
					<trkpt lat="43.257780" lon="6.023890">
						<ele>515</ele>
						<time>2024-03-21T06:03:25Z</time>
					</trkpt>
					<trkpt lat="43.258070" lon="6.023940">
						<ele>532</ele>
						<time>2024-03-21T06:03:40Z</time>
					</trkpt>
					<trkpt lat="43.258150" lon="6.023920">
						<ele>537</ele>
						<time>2024-03-21T06:03:44Z</time>
					</trkpt>
					<trkpt lat="43.258250" lon="6.024020">
						<ele>541</ele>
						<time>2024-03-21T06:03:50Z</time>
					</trkpt>
					<trkpt lat="43.258450" lon="6.023790">
						<ele>558</ele>
						<time>2024-03-21T06:04:03Z</time>
					</trkpt>
					<trkpt lat="43.258460" lon="6.023670">
						<ele>561</ele>
						<time>2024-03-21T06:04:07Z</time>
					</trkpt>
					<trkpt lat="43.258490" lon="6.023710">
						<ele>562</ele>
						<time>2024-03-21T06:04:09Z</time>
					</trkpt>
					<trkpt lat="43.258630" lon="6.023790">
						<ele>567</ele>
						<time>2024-03-21T06:04:17Z</time>
					</trkpt>
					<trkpt lat="43.258670" lon="6.023790">
						<ele>569</ele>
						<time>2024-03-21T06:04:19Z</time>
					</trkpt>
					<trkpt lat="43.258660" lon="6.023720">
						<ele>570</ele>
						<time>2024-03-21T06:04:22Z</time>
					</trkpt>
					<trkpt lat="43.258760" lon="6.023530">
						<ele>579</ele>
						<time>2024-03-21T06:04:30Z</time>
					</trkpt>
					<trkpt lat="43.258730" lon="6.023450">
						<ele>579</ele>
						<time>2024-03-21T06:04:33Z</time>
					</trkpt>
					<trkpt lat="43.258540" lon="6.023350">
						<ele>572</ele>
						<time>2024-03-21T06:04:44Z</time>
					</trkpt>
					<trkpt lat="43.258540" lon="6.023280">
						<ele>573</ele>
						<time>2024-03-21T06:04:46Z</time>
					</trkpt>
					<trkpt lat="43.258720" lon="6.023190">
						<ele>583</ele>
						<time>2024-03-21T06:04:56Z</time>
					</trkpt>
					<trkpt lat="43.258780" lon="6.023220">
						<ele>585</ele>
						<time>2024-03-21T06:04:59Z</time>
					</trkpt>
					<trkpt lat="43.258860" lon="6.023210">
						<ele>589</ele>
						<time>2024-03-21T06:05:03Z</time>
					</trkpt>
					<trkpt lat="43.258960" lon="6.023310">
						<ele>592</ele>
						<time>2024-03-21T06:05:09Z</time>
					</trkpt>
					<trkpt lat="43.259000" lon="6.023410">
						<ele>593</ele>
						<time>2024-03-21T06:05:13Z</time>
					</trkpt>
					<trkpt lat="43.259160" lon="6.023630">
						<ele>597</ele>
						<time>2024-03-21T06:05:25Z</time>
					</trkpt>
					<trkpt lat="43.259260" lon="6.023880">
						<ele>596</ele>
						<time>2024-03-21T06:05:35Z</time>
					</trkpt>
					<trkpt lat="43.259380" lon="6.024290">
						<ele>593</ele>
						<time>2024-03-21T06:05:51Z</time>
					</trkpt>
					<trkpt lat="43.259460" lon="6.024410">
						<ele>592</ele>
						<time>2024-03-21T06:05:57Z</time>
					</trkpt>
					<trkpt lat="43.259520" lon="6.024440">
						<ele>594</ele>
						<time>2024-03-21T06:06:00Z</time>
					</trkpt>
					<trkpt lat="43.259590" lon="6.024430">
						<ele>597</ele>
						<time>2024-03-21T06:06:04Z</time>
					</trkpt>
					<trkpt lat="43.259780" lon="6.024630">
						<ele>599</ele>
						<time>2024-03-21T06:06:16Z</time>
					</trkpt>
					<trkpt lat="43.260150" lon="6.024830">
						<ele>605</ele>
						<time>2024-03-21T06:06:36Z</time>
					</trkpt>
					<trkpt lat="43.260440" lon="6.024960">
						<ele>605</ele>
						<time>2024-03-21T06:06:51Z</time>
					</trkpt>
					<trkpt lat="43.260660" lon="6.024980">
						<ele>607</ele>
						<time>2024-03-21T06:07:02Z</time>
					</trkpt>
					<trkpt lat="43.260830" lon="6.025380">
						<ele>606</ele>
						<time>2024-03-21T06:07:19Z</time>
					</trkpt>
					<trkpt lat="43.261160" lon="6.025660">
						<ele>603</ele>
						<time>2024-03-21T06:07:38Z</time>
					</trkpt>
					<trkpt lat="43.261350" lon="6.025670">
						<ele>602</ele>
						<time>2024-03-21T06:07:48Z</time>
					</trkpt>
					<trkpt lat="43.261790" lon="6.025780">
						<ele>599</ele>
						<time>2024-03-21T06:08:10Z</time>
					</trkpt>
					<trkpt lat="43.262040" lon="6.025780">
						<ele>597</ele>
						<time>2024-03-21T06:08:23Z</time>
					</trkpt>
					<trkpt lat="43.262290" lon="6.025840">
						<ele>595</ele>
						<time>2024-03-21T06:08:35Z</time>
					</trkpt>
					<trkpt lat="43.262590" lon="6.025990">
						<ele>592</ele>
						<time>2024-03-21T06:08:51Z</time>
					</trkpt>
					<trkpt lat="43.263150" lon="6.025890">
						<ele>586</ele>
						<time>2024-03-21T06:09:20Z</time>
					</trkpt>
					<trkpt lat="43.263400" lon="6.025760">
						<ele>585</ele>
						<time>2024-03-21T06:09:33Z</time>
					</trkpt>
					<trkpt lat="43.263460" lon="6.025780">
						<ele>584</ele>
						<time>2024-03-21T06:09:36Z</time>
					</trkpt>
					<trkpt lat="43.263500" lon="6.025890">
						<ele>584</ele>
						<time>2024-03-21T06:09:40Z</time>
					</trkpt>
					<trkpt lat="43.263510" lon="6.025870">
						<ele>584</ele>
						<time>2024-03-21T06:09:41Z</time>
					</trkpt>
					<trkpt lat="43.263490" lon="6.025970">
						<ele>584</ele>
						<time>2024-03-21T06:09:45Z</time>
					</trkpt>
					<trkpt lat="43.263420" lon="6.026090">
						<ele>585</ele>
						<time>2024-03-21T06:09:51Z</time>
					</trkpt>
					<trkpt lat="43.263410" lon="6.026420">
						<ele>586</ele>
						<time>2024-03-21T06:10:03Z</time>
					</trkpt>
					<trkpt lat="43.263540" lon="6.026900">
						<ele>589</ele>
						<time>2024-03-21T06:10:21Z</time>
					</trkpt>
					<trkpt lat="43.263600" lon="6.027010">
						<ele>589</ele>
						<time>2024-03-21T06:10:26Z</time>
					</trkpt>
					<trkpt lat="43.263640" lon="6.027230">
						<ele>590</ele>
						<time>2024-03-21T06:10:35Z</time>
					</trkpt>
					<trkpt lat="43.263780" lon="6.027590">
						<ele>590</ele>
						<time>2024-03-21T06:10:50Z</time>
					</trkpt>
					<trkpt lat="43.263920" lon="6.027860">
						<ele>589</ele>
						<time>2024-03-21T06:11:02Z</time>
					</trkpt>
					<trkpt lat="43.263940" lon="6.028070">
						<ele>588</ele>
						<time>2024-03-21T06:11:09Z</time>
					</trkpt>
					<trkpt lat="43.264080" lon="6.028150">
						<ele>588</ele>
						<time>2024-03-21T06:11:17Z</time>
					</trkpt>
					<trkpt lat="43.264220" lon="6.028090">
						<ele>588</ele>
						<time>2024-03-21T06:11:24Z</time>
					</trkpt>
					<trkpt lat="43.264300" lon="6.028100">
						<ele>587</ele>
						<time>2024-03-21T06:11:28Z</time>
					</trkpt>
					<trkpt lat="43.264350" lon="6.028180">
						<ele>587</ele>
						<time>2024-03-21T06:11:32Z</time>
					</trkpt>
					<trkpt lat="43.264370" lon="6.028420">
						<ele>586</ele>
						<time>2024-03-21T06:11:41Z</time>
					</trkpt>
					<trkpt lat="43.264440" lon="6.028710">
						<ele>585</ele>
						<time>2024-03-21T06:11:52Z</time>
					</trkpt>
					<trkpt lat="43.264570" lon="6.028930">
						<ele>583</ele>
						<time>2024-03-21T06:12:02Z</time>
					</trkpt>
					<trkpt lat="43.264670" lon="6.029190">
						<ele>583</ele>
						<time>2024-03-21T06:12:13Z</time>
					</trkpt>
					<trkpt lat="43.264790" lon="6.029320">
						<ele>582</ele>
						<time>2024-03-21T06:12:21Z</time>
					</trkpt>
					<trkpt lat="43.264820" lon="6.029770">
						<ele>582</ele>
						<time>2024-03-21T06:12:37Z</time>
					</trkpt>
					<trkpt lat="43.264990" lon="6.030080">
						<ele>583</ele>
						<time>2024-03-21T06:12:51Z</time>
					</trkpt>
					<trkpt lat="43.265060" lon="6.030430">
						<ele>582</ele>
						<time>2024-03-21T06:13:05Z</time>
					</trkpt>
					<trkpt lat="43.265130" lon="6.030490">
						<ele>581</ele>
						<time>2024-03-21T06:13:09Z</time>
					</trkpt>
					<trkpt lat="43.265300" lon="6.030530">
						<ele>580</ele>
						<time>2024-03-21T06:13:17Z</time>
					</trkpt>
					<trkpt lat="43.265510" lon="6.030620">
						<ele>578</ele>
						<time>2024-03-21T06:13:28Z</time>
					</trkpt>
					<trkpt lat="43.265720" lon="6.030820">
						<ele>577</ele>
						<time>2024-03-21T06:13:41Z</time>
					</trkpt>
					<trkpt lat="43.265720" lon="6.030880">
						<ele>577</ele>
						<time>2024-03-21T06:13:43Z</time>
					</trkpt>
					<trkpt lat="43.265650" lon="6.030960">
						<ele>578</ele>
						<time>2024-03-21T06:13:48Z</time>
					</trkpt>
					<trkpt lat="43.265550" lon="6.031020">
						<ele>579</ele>
						<time>2024-03-21T06:13:53Z</time>
					</trkpt>
					<trkpt lat="43.265470" lon="6.031110">
						<ele>580</ele>
						<time>2024-03-21T06:13:59Z</time>
					</trkpt>
					<trkpt lat="43.265330" lon="6.031130">
						<ele>581</ele>
						<time>2024-03-21T06:14:06Z</time>
					</trkpt>
					<trkpt lat="43.265280" lon="6.031160">
						<ele>581</ele>
						<time>2024-03-21T06:14:08Z</time>
					</trkpt>
					<trkpt lat="43.265120" lon="6.031340">
						<ele>582</ele>
						<time>2024-03-21T06:14:19Z</time>
					</trkpt>
					<trkpt lat="43.265040" lon="6.031350">
						<ele>583</ele>
						<time>2024-03-21T06:14:23Z</time>
					</trkpt>
					<trkpt lat="43.264880" lon="6.031300">
						<ele>579</ele>
						<time>2024-03-21T06:14:31Z</time>
					</trkpt>
					<trkpt lat="43.264830" lon="6.031310">
						<ele>577</ele>
						<time>2024-03-21T06:14:33Z</time>
					</trkpt>
					<trkpt lat="43.264770" lon="6.031330">
						<ele>575</ele>
						<time>2024-03-21T06:14:37Z</time>
					</trkpt>
					<trkpt lat="43.264660" lon="6.031490">
						<ele>571</ele>
						<time>2024-03-21T06:14:45Z</time>
					</trkpt>
					<trkpt lat="43.264670" lon="6.031580">
						<ele>571</ele>
						<time>2024-03-21T06:14:48Z</time>
					</trkpt>
					<trkpt lat="43.264740" lon="6.031770">
						<ele>574</ele>
						<time>2024-03-21T06:14:56Z</time>
					</trkpt>
					<trkpt lat="43.264760" lon="6.032080">
						<ele>577</ele>
						<time>2024-03-21T06:15:07Z</time>
					</trkpt>
					<trkpt lat="43.264740" lon="6.032360">
						<ele>578</ele>
						<time>2024-03-21T06:15:17Z</time>
					</trkpt>
					<trkpt lat="43.264760" lon="6.032540">
						<ele>580</ele>
						<time>2024-03-21T06:15:24Z</time>
					</trkpt>
					<trkpt lat="43.264870" lon="6.032710">
						<ele>587</ele>
						<time>2024-03-21T06:15:32Z</time>
					</trkpt>
					<trkpt lat="43.265070" lon="6.032840">
						<ele>597</ele>
						<time>2024-03-21T06:15:43Z</time>
					</trkpt>
					<trkpt lat="43.265050" lon="6.033000">
						<ele>598</ele>
						<time>2024-03-21T06:15:49Z</time>
					</trkpt>
					<trkpt lat="43.264970" lon="6.033080">
						<ele>597</ele>
						<time>2024-03-21T06:15:54Z</time>
					</trkpt>
					<trkpt lat="43.264950" lon="6.033140">
						<ele>596</ele>
						<time>2024-03-21T06:15:57Z</time>
					</trkpt>
					<trkpt lat="43.264950" lon="6.033200">
						<ele>596</ele>
						<time>2024-03-21T06:15:59Z</time>
					</trkpt>
					<trkpt lat="43.264990" lon="6.033270">
						<ele>600</ele>
						<time>2024-03-21T06:16:02Z</time>
					</trkpt>
					<trkpt lat="43.265070" lon="6.033590">
						<ele>601</ele>
						<time>2024-03-21T06:16:14Z</time>
					</trkpt>
					<trkpt lat="43.265040" lon="6.033710">
						<ele>600</ele>
						<time>2024-03-21T06:16:19Z</time>
					</trkpt>
					<trkpt lat="43.265070" lon="6.033840">
						<ele>601</ele>
						<time>2024-03-21T06:16:24Z</time>
					</trkpt>
					<trkpt lat="43.265090" lon="6.033860">
						<ele>601</ele>
						<time>2024-03-21T06:16:25Z</time>
					</trkpt>
					<trkpt lat="43.265220" lon="6.033780">
						<ele>605</ele>
						<time>2024-03-21T06:16:32Z</time>
					</trkpt>
					<trkpt lat="43.265290" lon="6.033820">
						<ele>607</ele>
						<time>2024-03-21T06:16:36Z</time>
					</trkpt>
					<trkpt lat="43.265370" lon="6.033960">
						<ele>611</ele>
						<time>2024-03-21T06:16:43Z</time>
					</trkpt>
					<trkpt lat="43.265450" lon="6.034270">
						<ele>614</ele>
						<time>2024-03-21T06:16:54Z</time>
					</trkpt>
					<trkpt lat="43.265570" lon="6.034420">
						<ele>617</ele>
						<time>2024-03-21T06:17:03Z</time>
					</trkpt>
					<trkpt lat="43.265680" lon="6.034720">
						<ele>620</ele>
						<time>2024-03-21T06:17:15Z</time>
					</trkpt>
					<trkpt lat="43.265760" lon="6.034820">
						<ele>623</ele>
						<time>2024-03-21T06:17:20Z</time>
					</trkpt>
					<trkpt lat="43.265860" lon="6.034880">
						<ele>626</ele>
						<time>2024-03-21T06:17:26Z</time>
					</trkpt>
					<trkpt lat="43.265910" lon="6.035010">
						<ele>625</ele>
						<time>2024-03-21T06:17:31Z</time>
					</trkpt>
					<trkpt lat="43.265870" lon="6.034900">
						<ele>626</ele>
						<time>2024-03-21T06:17:36Z</time>
					</trkpt>
					<trkpt lat="43.265780" lon="6.034840">
						<ele>624</ele>
						<time>2024-03-21T06:17:41Z</time>
					</trkpt>
					<trkpt lat="43.265850" lon="6.034890">
						<ele>627</ele>
						<time>2024-03-21T06:17:45Z</time>
					</trkpt>
					<trkpt lat="43.266030" lon="6.035280">
						<ele>613</ele>
						<time>2024-03-21T06:18:01Z</time>
					</trkpt>
					<trkpt lat="43.266120" lon="6.035340">
						<ele>611</ele>
						<time>2024-03-21T06:18:06Z</time>
					</trkpt>
					<trkpt lat="43.266410" lon="6.035400">
						<ele>612</ele>
						<time>2024-03-21T06:18:21Z</time>
					</trkpt>
					<trkpt lat="43.266560" lon="6.035400">
						<ele>613</ele>
						<time>2024-03-21T06:18:29Z</time>
					</trkpt>
					<trkpt lat="43.266620" lon="6.035470">
						<ele>613</ele>
						<time>2024-03-21T06:18:32Z</time>
					</trkpt>
					<trkpt lat="43.266750" lon="6.035740">
						<ele>610</ele>
						<time>2024-03-21T06:18:44Z</time>
					</trkpt>
					<trkpt lat="43.266830" lon="6.036040">
						<ele>605</ele>
						<time>2024-03-21T06:18:56Z</time>
					</trkpt>
					<trkpt lat="43.266910" lon="6.036090">
						<ele>606</ele>
						<time>2024-03-21T06:19:00Z</time>
					</trkpt>
					<trkpt lat="43.267040" lon="6.036300">
						<ele>606</ele>
						<time>2024-03-21T06:19:10Z</time>
					</trkpt>
					<trkpt lat="43.267100" lon="6.036330">
						<ele>608</ele>
						<time>2024-03-21T06:19:14Z</time>
					</trkpt>
					<trkpt lat="43.267210" lon="6.036330">
						<ele>611</ele>
						<time>2024-03-21T06:19:19Z</time>
					</trkpt>
					<trkpt lat="43.267260" lon="6.036360">
						<ele>612</ele>
						<time>2024-03-21T06:19:22Z</time>
					</trkpt>
					<trkpt lat="43.267250" lon="6.036590">
						<ele>611</ele>
						<time>2024-03-21T06:19:30Z</time>
					</trkpt>
					<trkpt lat="43.267350" lon="6.036710">
						<ele>615</ele>
						<time>2024-03-21T06:19:37Z</time>
					</trkpt>
					<trkpt lat="43.267360" lon="6.036840">
						<ele>615</ele>
						<time>2024-03-21T06:19:42Z</time>
					</trkpt>
					<trkpt lat="43.267410" lon="6.037000">
						<ele>617</ele>
						<time>2024-03-21T06:19:48Z</time>
					</trkpt>
					<trkpt lat="43.267490" lon="6.037060">
						<ele>621</ele>
						<time>2024-03-21T06:19:52Z</time>
					</trkpt>
					<trkpt lat="43.267530" lon="6.037230">
						<ele>622</ele>
						<time>2024-03-21T06:19:59Z</time>
					</trkpt>
					<trkpt lat="43.267620" lon="6.037300">
						<ele>624</ele>
						<time>2024-03-21T06:20:04Z</time>
					</trkpt>
					<trkpt lat="43.267630" lon="6.037460">
						<ele>625</ele>
						<time>2024-03-21T06:20:10Z</time>
					</trkpt>
					<trkpt lat="43.267670" lon="6.037600">
						<ele>626</ele>
						<time>2024-03-21T06:20:16Z</time>
					</trkpt>
					<trkpt lat="43.267840" lon="6.038020">
						<ele>632</ele>
						<time>2024-03-21T06:20:33Z</time>
					</trkpt>
					<trkpt lat="43.267890" lon="6.038220">
						<ele>635</ele>
						<time>2024-03-21T06:20:41Z</time>
					</trkpt>
					<trkpt lat="43.267870" lon="6.038380">
						<ele>634</ele>
						<time>2024-03-21T06:20:47Z</time>
					</trkpt>
					<trkpt lat="43.267900" lon="6.038470">
						<ele>636</ele>
						<time>2024-03-21T06:20:50Z</time>
					</trkpt>
					<trkpt lat="43.267900" lon="6.038580">
						<ele>637</ele>
						<time>2024-03-21T06:20:54Z</time>
					</trkpt>
					<trkpt lat="43.267860" lon="6.038760">
						<ele>635</ele>
						<time>2024-03-21T06:21:01Z</time>
					</trkpt>
					<trkpt lat="43.267890" lon="6.038860">
						<ele>637</ele>
						<time>2024-03-21T06:21:05Z</time>
					</trkpt>
					<trkpt lat="43.267990" lon="6.038970">
						<ele>644</ele>
						<time>2024-03-21T06:21:11Z</time>
					</trkpt>
					<trkpt lat="43.268010" lon="6.039030">
						<ele>645</ele>
						<time>2024-03-21T06:21:14Z</time>
					</trkpt>
					<trkpt lat="43.267970" lon="6.039230">
						<ele>643</ele>
						<time>2024-03-21T06:21:21Z</time>
					</trkpt>
					<trkpt lat="43.268040" lon="6.039520">
						<ele>646</ele>
						<time>2024-03-21T06:21:33Z</time>
					</trkpt>
					<trkpt lat="43.268030" lon="6.039680">
						<ele>645</ele>
						<time>2024-03-21T06:21:38Z</time>
					</trkpt>
					<trkpt lat="43.268060" lon="6.039910">
						<ele>646</ele>
						<time>2024-03-21T06:21:47Z</time>
					</trkpt>
					<trkpt lat="43.268150" lon="6.040190">
						<ele>650</ele>
						<time>2024-03-21T06:21:58Z</time>
					</trkpt>
					<trkpt lat="43.268160" lon="6.040390">
						<ele>650</ele>
						<time>2024-03-21T06:22:05Z</time>
					</trkpt>
					<trkpt lat="43.268210" lon="6.040610">
						<ele>653</ele>
						<time>2024-03-21T06:22:14Z</time>
					</trkpt>
					<trkpt lat="43.268270" lon="6.040750">
						<ele>656</ele>
						<time>2024-03-21T06:22:20Z</time>
					</trkpt>
					<trkpt lat="43.268290" lon="6.040960">
						<ele>656</ele>
						<time>2024-03-21T06:22:27Z</time>
					</trkpt>
					<trkpt lat="43.268500" lon="6.041550">
						<ele>658</ele>
						<time>2024-03-21T06:22:51Z</time>
					</trkpt>
					<trkpt lat="43.268620" lon="6.041770">
						<ele>660</ele>
						<time>2024-03-21T06:23:01Z</time>
					</trkpt>
					<trkpt lat="43.268720" lon="6.041900">
						<ele>661</ele>
						<time>2024-03-21T06:23:08Z</time>
					</trkpt>
					<trkpt lat="43.268770" lon="6.042100">
						<ele>659</ele>
						<time>2024-03-21T06:23:16Z</time>
					</trkpt>
					<trkpt lat="43.268910" lon="6.042130">
						<ele>666</ele>
						<time>2024-03-21T06:23:23Z</time>
					</trkpt>
					<trkpt lat="43.268980" lon="6.042180">
						<ele>668</ele>
						<time>2024-03-21T06:23:27Z</time>
					</trkpt>
					<trkpt lat="43.269050" lon="6.042530">
						<ele>665</ele>
						<time>2024-03-21T06:23:40Z</time>
					</trkpt>
					<trkpt lat="43.269120" lon="6.042590">
						<ele>666</ele>
						<time>2024-03-21T06:23:44Z</time>
					</trkpt>
					<trkpt lat="43.269300" lon="6.042640">
						<ele>670</ele>
						<time>2024-03-21T06:23:54Z</time>
					</trkpt>
					<trkpt lat="43.269520" lon="6.042780">
						<ele>670</ele>
						<time>2024-03-21T06:24:06Z</time>
					</trkpt>
					<trkpt lat="43.269790" lon="6.042900">
						<ele>673</ele>
						<time>2024-03-21T06:24:20Z</time>
					</trkpt>
					<trkpt lat="43.270210" lon="6.043460">
						<ele>668</ele>
						<time>2024-03-21T06:24:49Z</time>
					</trkpt>
					<trkpt lat="43.270460" lon="6.043600">
						<ele>667</ele>
						<time>2024-03-21T06:25:03Z</time>
					</trkpt>
					<trkpt lat="43.270660" lon="6.043840">
						<ele>662</ele>
						<time>2024-03-21T06:25:16Z</time>
					</trkpt>
					<trkpt lat="43.270880" lon="6.044020">
						<ele>662</ele>
						<time>2024-03-21T06:25:29Z</time>
					</trkpt>
					<trkpt lat="43.270950" lon="6.044050">
						<ele>662</ele>
						<time>2024-03-21T06:25:32Z</time>
					</trkpt>
					<trkpt lat="43.271070" lon="6.043980">
						<ele>664</ele>
						<time>2024-03-21T06:25:39Z</time>
					</trkpt>
					<trkpt lat="43.271160" lon="6.043960">
						<ele>665</ele>
						<time>2024-03-21T06:25:44Z</time>
					</trkpt>
					<trkpt lat="43.271400" lon="6.043970">
						<ele>666</ele>
						<time>2024-03-21T06:25:56Z</time>
					</trkpt>
					<trkpt lat="43.271460" lon="6.043990">
						<ele>666</ele>
						<time>2024-03-21T06:25:59Z</time>
					</trkpt>
					<trkpt lat="43.271510" lon="6.044050">
						<ele>665</ele>
						<time>2024-03-21T06:26:02Z</time>
					</trkpt>
					<trkpt lat="43.271570" lon="6.044040">
						<ele>666</ele>
						<time>2024-03-21T06:26:05Z</time>
					</trkpt>
					<trkpt lat="43.271680" lon="6.044110">
						<ele>665</ele>
						<time>2024-03-21T06:26:11Z</time>
					</trkpt>
					<trkpt lat="43.271750" lon="6.044090">
						<ele>664</ele>
						<time>2024-03-21T06:26:15Z</time>
					</trkpt>
					<trkpt lat="43.271890" lon="6.044170">
						<ele>661</ele>
						<time>2024-03-21T06:26:22Z</time>
					</trkpt>
					<trkpt lat="43.272120" lon="6.044170">
						<ele>657</ele>
						<time>2024-03-21T06:26:34Z</time>
					</trkpt>
					<trkpt lat="43.272650" lon="6.044700">
						<ele>632</ele>
						<time>2024-03-21T06:27:07Z</time>
					</trkpt>
					<trkpt lat="43.272840" lon="6.044790">
						<ele>629</ele>
						<time>2024-03-21T06:27:17Z</time>
					</trkpt>
					<trkpt lat="43.272950" lon="6.044790">
						<ele>630</ele>
						<time>2024-03-21T06:27:22Z</time>
					</trkpt>
					<trkpt lat="43.273090" lon="6.044960">
						<ele>627</ele>
						<time>2024-03-21T06:27:31Z</time>
					</trkpt>
					<trkpt lat="43.273150" lon="6.044980">
						<ele>627</ele>
						<time>2024-03-21T06:27:35Z</time>
					</trkpt>
					<trkpt lat="43.273230" lon="6.044920">
						<ele>628</ele>
						<time>2024-03-21T06:27:39Z</time>
					</trkpt>
					<trkpt lat="43.273310" lon="6.044930">
						<ele>629</ele>
						<time>2024-03-21T06:27:43Z</time>
					</trkpt>
					<trkpt lat="43.273380" lon="6.044910">
						<ele>628</ele>
						<time>2024-03-21T06:27:47Z</time>
					</trkpt>
					<trkpt lat="43.273650" lon="6.045000">
						<ele>625</ele>
						<time>2024-03-21T06:28:01Z</time>
					</trkpt>
					<trkpt lat="43.273730" lon="6.045050">
						<ele>622</ele>
						<time>2024-03-21T06:28:05Z</time>
					</trkpt>
					<trkpt lat="43.273810" lon="6.045150">
						<ele>617</ele>
						<time>2024-03-21T06:28:10Z</time>
					</trkpt>
					<trkpt lat="43.273930" lon="6.045200">
						<ele>615</ele>
						<time>2024-03-21T06:28:17Z</time>
					</trkpt>
					<trkpt lat="43.274040" lon="6.045340">
						<ele>609</ele>
						<time>2024-03-21T06:28:24Z</time>
					</trkpt>
					<trkpt lat="43.274210" lon="6.045420">
						<ele>607</ele>
						<time>2024-03-21T06:28:33Z</time>
					</trkpt>
					<trkpt lat="43.274450" lon="6.045640">
						<ele>602</ele>
						<time>2024-03-21T06:28:48Z</time>
					</trkpt>
					<trkpt lat="43.274740" lon="6.045810">
						<ele>602</ele>
						<time>2024-03-21T06:29:03Z</time>
					</trkpt>
					<trkpt lat="43.274790" lon="6.045870">
						<ele>601</ele>
						<time>2024-03-21T06:29:07Z</time>
					</trkpt>
					<trkpt lat="43.274880" lon="6.045900">
						<ele>602</ele>
						<time>2024-03-21T06:29:11Z</time>
					</trkpt>
					<trkpt lat="43.274960" lon="6.045980">
						<ele>600</ele>
						<time>2024-03-21T06:29:16Z</time>
					</trkpt>
					<trkpt lat="43.275080" lon="6.046000">
						<ele>600</ele>
						<time>2024-03-21T06:29:22Z</time>
					</trkpt>
					<trkpt lat="43.275160" lon="6.046050">
						<ele>599</ele>
						<time>2024-03-21T06:29:27Z</time>
					</trkpt>
					<trkpt lat="43.275590" lon="6.046200">
						<ele>596</ele>
						<time>2024-03-21T06:29:49Z</time>
					</trkpt>
					<trkpt lat="43.275770" lon="6.046380">
						<ele>595</ele>
						<time>2024-03-21T06:30:00Z</time>
					</trkpt>
					<trkpt lat="43.275890" lon="6.046410">
						<ele>595</ele>
						<time>2024-03-21T06:30:06Z</time>
					</trkpt>
					<trkpt lat="43.276030" lon="6.046640">
						<ele>593</ele>
						<time>2024-03-21T06:30:17Z</time>
					</trkpt>
					<trkpt lat="43.276140" lon="6.046760">
						<ele>591</ele>
						<time>2024-03-21T06:30:24Z</time>
					</trkpt>
					<trkpt lat="43.276370" lon="6.046860">
						<ele>592</ele>
						<time>2024-03-21T06:30:36Z</time>
					</trkpt>
					<trkpt lat="43.276400" lon="6.046920">
						<ele>592</ele>
						<time>2024-03-21T06:30:39Z</time>
					</trkpt>
					<trkpt lat="43.276400" lon="6.047130">
						<ele>590</ele>
						<time>2024-03-21T06:30:47Z</time>
					</trkpt>
					<trkpt lat="43.276520" lon="6.047240">
						<ele>592</ele>
						<time>2024-03-21T06:30:54Z</time>
					</trkpt>
					<trkpt lat="43.276580" lon="6.047350">
						<ele>593</ele>
						<time>2024-03-21T06:30:59Z</time>
					</trkpt>
					<trkpt lat="43.276640" lon="6.047370">
						<ele>595</ele>
						<time>2024-03-21T06:31:02Z</time>
					</trkpt>
					<trkpt lat="43.276770" lon="6.047520">
						<ele>597</ele>
						<time>2024-03-21T06:31:10Z</time>
					</trkpt>
					<trkpt lat="43.276800" lon="6.047620">
						<ele>597</ele>
						<time>2024-03-21T06:31:14Z</time>
					</trkpt>
					<trkpt lat="43.276880" lon="6.047740">
						<ele>598</ele>
						<time>2024-03-21T06:31:20Z</time>
					</trkpt>
					<trkpt lat="43.276890" lon="6.047830">
						<ele>598</ele>
						<time>2024-03-21T06:31:24Z</time>
					</trkpt>
					<trkpt lat="43.276940" lon="6.047880">
						<ele>599</ele>
						<time>2024-03-21T06:31:27Z</time>
					</trkpt>
					<trkpt lat="43.276970" lon="6.048000">
						<ele>600</ele>
						<time>2024-03-21T06:31:31Z</time>
					</trkpt>
					<trkpt lat="43.277040" lon="6.048060">
						<ele>601</ele>
						<time>2024-03-21T06:31:35Z</time>
					</trkpt>
					<trkpt lat="43.277140" lon="6.048260">
						<ele>604</ele>
						<time>2024-03-21T06:31:44Z</time>
					</trkpt>
					<trkpt lat="43.277160" lon="6.048390">
						<ele>605</ele>
						<time>2024-03-21T06:31:49Z</time>
					</trkpt>
					<trkpt lat="43.277100" lon="6.048520">
						<ele>604</ele>
						<time>2024-03-21T06:31:55Z</time>
					</trkpt>
					<trkpt lat="43.277100" lon="6.048800">
						<ele>606</ele>
						<time>2024-03-21T06:32:05Z</time>
					</trkpt>
					<trkpt lat="43.277050" lon="6.048970">
						<ele>605</ele>
						<time>2024-03-21T06:32:12Z</time>
					</trkpt>
					<trkpt lat="43.277140" lon="6.049080">
						<ele>609</ele>
						<time>2024-03-21T06:32:18Z</time>
					</trkpt>
					<trkpt lat="43.277150" lon="6.049360">
						<ele>610</ele>
						<time>2024-03-21T06:32:28Z</time>
					</trkpt>
					<trkpt lat="43.277270" lon="6.049690">
						<ele>615</ele>
						<time>2024-03-21T06:32:41Z</time>
					</trkpt>
					<trkpt lat="43.277270" lon="6.049850">
						<ele>616</ele>
						<time>2024-03-21T06:32:47Z</time>
					</trkpt>
					<trkpt lat="43.277390" lon="6.050210">
						<ele>618</ele>
						<time>2024-03-21T06:33:02Z</time>
					</trkpt>
					<trkpt lat="43.277470" lon="6.050310">
						<ele>620</ele>
						<time>2024-03-21T06:33:07Z</time>
					</trkpt>
					<trkpt lat="43.277700" lon="6.050470">
						<ele>622</ele>
						<time>2024-03-21T06:33:20Z</time>
					</trkpt>
					<trkpt lat="43.277800" lon="6.050470">
						<ele>625</ele>
						<time>2024-03-21T06:33:25Z</time>
					</trkpt>
					<trkpt lat="43.277860" lon="6.050500">
						<ele>626</ele>
						<time>2024-03-21T06:33:28Z</time>
					</trkpt>
					<trkpt lat="43.277890" lon="6.050760">
						<ele>623</ele>
						<time>2024-03-21T06:33:38Z</time>
					</trkpt>
					<trkpt lat="43.278080" lon="6.051100">
						<ele>621</ele>
						<time>2024-03-21T06:33:53Z</time>
					</trkpt>
					<trkpt lat="43.278180" lon="6.051340">
						<ele>616</ele>
						<time>2024-03-21T06:34:03Z</time>
					</trkpt>
					<trkpt lat="43.278340" lon="6.051430">
						<ele>619</ele>
						<time>2024-03-21T06:34:12Z</time>
					</trkpt>
					<trkpt lat="43.278430" lon="6.051540">
						<ele>618</ele>
						<time>2024-03-21T06:34:18Z</time>
					</trkpt>
					<trkpt lat="43.278770" lon="6.051620">
						<ele>623</ele>
						<time>2024-03-21T06:34:35Z</time>
					</trkpt>
					<trkpt lat="43.278840" lon="6.051600">
						<ele>625</ele>
						<time>2024-03-21T06:34:39Z</time>
					</trkpt>
					<trkpt lat="43.278980" lon="6.051500">
						<ele>629</ele>
						<time>2024-03-21T06:34:47Z</time>
					</trkpt>
					<trkpt lat="43.279040" lon="6.051540">
						<ele>630</ele>
						<time>2024-03-21T06:34:50Z</time>
					</trkpt>
					<trkpt lat="43.279190" lon="6.051820">
						<ele>625</ele>
						<time>2024-03-21T06:35:03Z</time>
					</trkpt>
					<trkpt lat="43.279280" lon="6.051910">
						<ele>621</ele>
						<time>2024-03-21T06:35:08Z</time>
					</trkpt>
					<trkpt lat="43.279390" lon="6.051980">
						<ele>619</ele>
						<time>2024-03-21T06:35:14Z</time>
					</trkpt>
					<trkpt lat="43.279690" lon="6.052070">
						<ele>618</ele>
						<time>2024-03-21T06:35:30Z</time>
					</trkpt>
					<trkpt lat="43.279830" lon="6.052250">
						<ele>615</ele>
						<time>2024-03-21T06:35:39Z</time>
					</trkpt>
					<trkpt lat="43.280100" lon="6.052450">
						<ele>613</ele>
						<time>2024-03-21T06:35:55Z</time>
					</trkpt>
					<trkpt lat="43.280170" lon="6.052550">
						<ele>610</ele>
						<time>2024-03-21T06:36:00Z</time>
					</trkpt>
					<trkpt lat="43.280200" lon="6.052560">
						<ele>610</ele>
						<time>2024-03-21T06:36:01Z</time>
					</trkpt>
					<trkpt lat="43.280350" lon="6.052480">
						<ele>613</ele>
						<time>2024-03-21T06:36:09Z</time>
					</trkpt>
					<trkpt lat="43.280840" lon="6.052770">
						<ele>607</ele>
						<time>2024-03-21T06:36:36Z</time>
					</trkpt>
					<trkpt lat="43.281200" lon="6.053140">
						<ele>599</ele>
						<time>2024-03-21T06:36:59Z</time>
					</trkpt>
					<trkpt lat="43.281450" lon="6.053300">
						<ele>599</ele>
						<time>2024-03-21T06:37:12Z</time>
					</trkpt>
					<trkpt lat="43.281670" lon="6.053490">
						<ele>596</ele>
						<time>2024-03-21T06:37:25Z</time>
					</trkpt>
					<trkpt lat="43.281760" lon="6.053660">
						<ele>591</ele>
						<time>2024-03-21T06:37:33Z</time>
					</trkpt>
					<trkpt lat="43.281950" lon="6.053790">
						<ele>589</ele>
						<time>2024-03-21T06:37:44Z</time>
					</trkpt>
					<trkpt lat="43.282160" lon="6.054040">
						<ele>587</ele>
						<time>2024-03-21T06:37:58Z</time>
					</trkpt>
					<trkpt lat="43.282340" lon="6.054110">
						<ele>589</ele>
						<time>2024-03-21T06:38:07Z</time>
					</trkpt>
					<trkpt lat="43.282460" lon="6.054070">
						<ele>591</ele>
						<time>2024-03-21T06:38:13Z</time>
					</trkpt>
					<trkpt lat="43.282500" lon="6.054080">
						<ele>592</ele>
						<time>2024-03-21T06:38:15Z</time>
					</trkpt>
					<trkpt lat="43.282730" lon="6.054350">
						<ele>591</ele>
						<time>2024-03-21T06:38:30Z</time>
					</trkpt>
					<trkpt lat="43.282820" lon="6.054520">
						<ele>591</ele>
						<time>2024-03-21T06:38:38Z</time>
					</trkpt>
					<trkpt lat="43.282910" lon="6.054580">
						<ele>592</ele>
						<time>2024-03-21T06:38:43Z</time>
					</trkpt>
					<trkpt lat="43.282990" lon="6.054740">
						<ele>594</ele>
						<time>2024-03-21T06:38:50Z</time>
					</trkpt>
					<trkpt lat="43.283020" lon="6.054950">
						<ele>595</ele>
						<time>2024-03-21T06:38:58Z</time>
					</trkpt>
					<trkpt lat="43.283080" lon="6.055040">
						<ele>596</ele>
						<time>2024-03-21T06:39:02Z</time>
					</trkpt>
					<trkpt lat="43.283180" lon="6.055120">
						<ele>599</ele>
						<time>2024-03-21T06:39:08Z</time>
					</trkpt>
					<trkpt lat="43.283290" lon="6.055320">
						<ele>603</ele>
						<time>2024-03-21T06:39:17Z</time>
					</trkpt>
					<trkpt lat="43.283350" lon="6.055340">
						<ele>605</ele>
						<time>2024-03-21T06:39:20Z</time>
					</trkpt>
					<trkpt lat="43.283580" lon="6.055580">
						<ele>610</ele>
						<time>2024-03-21T06:39:35Z</time>
					</trkpt>
					<trkpt lat="43.283610" lon="6.055720">
						<ele>611</ele>
						<time>2024-03-21T06:39:40Z</time>
					</trkpt>
					<trkpt lat="43.283620" lon="6.056030">
						<ele>615</ele>
						<time>2024-03-21T06:39:51Z</time>
					</trkpt>
					<trkpt lat="43.283640" lon="6.056070">
						<ele>616</ele>
						<time>2024-03-21T06:39:53Z</time>
					</trkpt>
					<trkpt lat="43.283720" lon="6.056120">
						<ele>619</ele>
						<time>2024-03-21T06:39:57Z</time>
					</trkpt>
					<trkpt lat="43.283790" lon="6.056310">
						<ele>623</ele>
						<time>2024-03-21T06:40:05Z</time>
					</trkpt>
					<trkpt lat="43.283860" lon="6.056370">
						<ele>627</ele>
						<time>2024-03-21T06:40:09Z</time>
					</trkpt>
					<trkpt lat="43.283870" lon="6.056460">
						<ele>628</ele>
						<time>2024-03-21T06:40:13Z</time>
					</trkpt>
					<trkpt lat="43.283830" lon="6.056570">
						<ele>629</ele>
						<time>2024-03-21T06:40:17Z</time>
					</trkpt>
					<trkpt lat="43.283810" lon="6.056790">
						<ele>629</ele>
						<time>2024-03-21T06:40:25Z</time>
					</trkpt>
					<trkpt lat="43.283830" lon="6.056900">
						<ele>631</ele>
						<time>2024-03-21T06:40:29Z</time>
					</trkpt>
					<trkpt lat="43.283820" lon="6.057170">
						<ele>630</ele>
						<time>2024-03-21T06:40:39Z</time>
					</trkpt>
					<trkpt lat="43.283900" lon="6.057230">
						<ele>635</ele>
						<time>2024-03-21T06:40:44Z</time>
					</trkpt>
					<trkpt lat="43.283900" lon="6.057360">
						<ele>635</ele>
						<time>2024-03-21T06:40:49Z</time>
					</trkpt>
					<trkpt lat="43.283940" lon="6.057420">
						<ele>638</ele>
						<time>2024-03-21T06:40:51Z</time>
					</trkpt>
					<trkpt lat="43.283980" lon="6.057570">
						<ele>640</ele>
						<time>2024-03-21T06:40:57Z</time>
					</trkpt>
					<trkpt lat="43.284050" lon="6.057640">
						<ele>644</ele>
						<time>2024-03-21T06:41:02Z</time>
					</trkpt>
					<trkpt lat="43.284080" lon="6.057710">
						<ele>645</ele>
						<time>2024-03-21T06:41:05Z</time>
					</trkpt>
					<trkpt lat="43.284150" lon="6.057990">
						<ele>649</ele>
						<time>2024-03-21T06:41:15Z</time>
					</trkpt>
					<trkpt lat="43.284320" lon="6.058130">
						<ele>654</ele>
						<time>2024-03-21T06:41:25Z</time>
					</trkpt>
					<trkpt lat="43.284400" lon="6.058310">
						<ele>657</ele>
						<time>2024-03-21T06:41:33Z</time>
					</trkpt>
					<trkpt lat="43.284410" lon="6.058410">
						<ele>656</ele>
						<time>2024-03-21T06:41:37Z</time>
					</trkpt>
					<trkpt lat="43.284500" lon="6.058440">
						<ele>659</ele>
						<time>2024-03-21T06:41:41Z</time>
					</trkpt>
					<trkpt lat="43.284570" lon="6.058530">
						<ele>659</ele>
						<time>2024-03-21T06:41:46Z</time>
					</trkpt>
					<trkpt lat="43.284730" lon="6.058620">
						<ele>665</ele>
						<time>2024-03-21T06:41:55Z</time>
					</trkpt>
					<trkpt lat="43.284830" lon="6.058790">
						<ele>667</ele>
						<time>2024-03-21T06:42:03Z</time>
					</trkpt>
					<trkpt lat="43.285010" lon="6.058980">
						<ele>675</ele>
						<time>2024-03-21T06:42:14Z</time>
					</trkpt>
					<trkpt lat="43.285110" lon="6.058980">
						<ele>677</ele>
						<time>2024-03-21T06:42:19Z</time>
					</trkpt>
					<trkpt lat="43.285210" lon="6.059070">
						<ele>679</ele>
						<time>2024-03-21T06:42:25Z</time>
					</trkpt>
					<trkpt lat="43.285410" lon="6.059150">
						<ele>683</ele>
						<time>2024-03-21T06:42:35Z</time>
					</trkpt>
					<trkpt lat="43.285500" lon="6.059230">
						<ele>684</ele>
						<time>2024-03-21T06:42:41Z</time>
					</trkpt>
					<trkpt lat="43.285570" lon="6.059440">
						<ele>682</ele>
						<time>2024-03-21T06:42:49Z</time>
					</trkpt>
					<trkpt lat="43.285690" lon="6.059570">
						<ele>683</ele>
						<time>2024-03-21T06:42:57Z</time>
					</trkpt>
					<trkpt lat="43.285780" lon="6.059720">
						<ele>684</ele>
						<time>2024-03-21T06:43:04Z</time>
					</trkpt>
					<trkpt lat="43.285840" lon="6.059670">
						<ele>687</ele>
						<time>2024-03-21T06:43:07Z</time>
					</trkpt>
					<trkpt lat="43.285860" lon="6.059550">
						<ele>688</ele>
						<time>2024-03-21T06:43:12Z</time>
					</trkpt>
					<trkpt lat="43.285970" lon="6.059480">
						<ele>685</ele>
						<time>2024-03-21T06:43:18Z</time>
					</trkpt>
					<trkpt lat="43.286160" lon="6.059180">
						<ele>685</ele>
						<time>2024-03-21T06:43:33Z</time>
					</trkpt>
					<trkpt lat="43.286420" lon="6.059070">
						<ele>679</ele>
						<time>2024-03-21T06:43:46Z</time>
					</trkpt>
					<trkpt lat="43.286500" lon="6.059000">
						<ele>677</ele>
						<time>2024-03-21T06:43:51Z</time>
					</trkpt>
					<trkpt lat="43.286580" lon="6.059030">
						<ele>676</ele>
						<time>2024-03-21T06:43:55Z</time>
					</trkpt>
					<trkpt lat="43.286680" lon="6.058970">
						<ele>673</ele>
						<time>2024-03-21T06:44:00Z</time>
					</trkpt>
					<trkpt lat="43.286750" lon="6.058890">
						<ele>670</ele>
						<time>2024-03-21T06:44:05Z</time>
					</trkpt>
					<trkpt lat="43.286790" lon="6.059080">
						<ele>667</ele>
						<time>2024-03-21T06:44:12Z</time>
					</trkpt>
					<trkpt lat="43.286790" lon="6.059300">
						<ele>663</ele>
						<time>2024-03-21T06:44:20Z</time>
					</trkpt>
					<trkpt lat="43.286850" lon="6.059310">
						<ele>660</ele>
						<time>2024-03-21T06:44:23Z</time>
					</trkpt>
					<trkpt lat="43.286860" lon="6.059370">
						<ele>658</ele>
						<time>2024-03-21T06:44:26Z</time>
					</trkpt>
					<trkpt lat="43.286850" lon="6.059750">
						<ele>650</ele>
						<time>2024-03-21T06:44:39Z</time>
					</trkpt>
					<trkpt lat="43.286870" lon="6.059860">
						<ele>646</ele>
						<time>2024-03-21T06:44:44Z</time>
					</trkpt>
					<trkpt lat="43.286910" lon="6.059870">
						<ele>644</ele>
						<time>2024-03-21T06:44:46Z</time>
					</trkpt>
					<trkpt lat="43.286910" lon="6.060000">
						<ele>641</ele>
						<time>2024-03-21T06:44:50Z</time>
					</trkpt>
					<trkpt lat="43.287060" lon="6.059930">
						<ele>635</ele>
						<time>2024-03-21T06:44:58Z</time>
					</trkpt>
					<trkpt lat="43.287120" lon="6.059860">
						<ele>633</ele>
						<time>2024-03-21T06:45:02Z</time>
					</trkpt>
					<trkpt lat="43.287400" lon="6.059650">
						<ele>623</ele>
						<time>2024-03-21T06:45:18Z</time>
					</trkpt>
					<trkpt lat="43.287510" lon="6.059520">
						<ele>619</ele>
						<time>2024-03-21T06:45:25Z</time>
					</trkpt>
					<trkpt lat="43.287660" lon="6.059430">
						<ele>614</ele>
						<time>2024-03-21T06:45:34Z</time>
					</trkpt>
					<trkpt lat="43.287690" lon="6.059450">
						<ele>612</ele>
						<time>2024-03-21T06:45:35Z</time>
					</trkpt>
					<trkpt lat="43.287700" lon="6.059560">
						<ele>609</ele>
						<time>2024-03-21T06:45:39Z</time>
					</trkpt>
					<trkpt lat="43.287800" lon="6.059740">
						<ele>601</ele>
						<time>2024-03-21T06:45:48Z</time>
					</trkpt>
					<trkpt lat="43.287820" lon="6.059820">
						<ele>599</ele>
						<time>2024-03-21T06:45:51Z</time>
					</trkpt>
					<trkpt lat="43.287810" lon="6.060070">
						<ele>594</ele>
						<time>2024-03-21T06:46:00Z</time>
					</trkpt>
					<trkpt lat="43.287780" lon="6.060150">
						<ele>593</ele>
						<time>2024-03-21T06:46:03Z</time>
					</trkpt>
					<trkpt lat="43.287520" lon="6.060510">
						<ele>595</ele>
						<time>2024-03-21T06:46:21Z</time>
					</trkpt>
					<trkpt lat="43.287350" lon="6.060960">
						<ele>590</ele>
						<time>2024-03-21T06:46:40Z</time>
					</trkpt>
					<trkpt lat="43.287170" lon="6.061180">
						<ele>592</ele>
						<time>2024-03-21T06:46:52Z</time>
					</trkpt>
					<trkpt lat="43.287180" lon="6.061300">
						<ele>588</ele>
						<time>2024-03-21T06:46:56Z</time>
					</trkpt>
					<trkpt lat="43.287290" lon="6.061330">
						<ele>584</ele>
						<time>2024-03-21T06:47:02Z</time>
					</trkpt>
					<trkpt lat="43.287280" lon="6.061480">
						<ele>580</ele>
						<time>2024-03-21T06:47:07Z</time>
					</trkpt>
					<trkpt lat="43.287090" lon="6.062090">
						<ele>570</ele>
						<time>2024-03-21T06:47:32Z</time>
					</trkpt>
					<trkpt lat="43.286980" lon="6.062290">
						<ele>567</ele>
						<time>2024-03-21T06:47:41Z</time>
					</trkpt>
					<trkpt lat="43.286970" lon="6.062390">
						<ele>565</ele>
						<time>2024-03-21T06:47:44Z</time>
					</trkpt>
					<trkpt lat="43.286910" lon="6.062540">
						<ele>562</ele>
						<time>2024-03-21T06:47:51Z</time>
					</trkpt>
					<trkpt lat="43.287050" lon="6.062970">
						<ele>543</ele>
						<time>2024-03-21T06:48:08Z</time>
					</trkpt>
					<trkpt lat="43.287050" lon="6.063050">
						<ele>541</ele>
						<time>2024-03-21T06:48:11Z</time>
					</trkpt>
					<trkpt lat="43.286990" lon="6.063170">
						<ele>537</ele>
						<time>2024-03-21T06:48:16Z</time>
					</trkpt>
					<trkpt lat="43.287030" lon="6.063240">
						<ele>534</ele>
						<time>2024-03-21T06:48:19Z</time>
					</trkpt>
					<trkpt lat="43.287080" lon="6.063270">
						<ele>533</ele>
						<time>2024-03-21T06:48:22Z</time>
					</trkpt>
					<trkpt lat="43.287120" lon="6.063420">
						<ele>527</ele>
						<time>2024-03-21T06:48:28Z</time>
					</trkpt>
					<trkpt lat="43.287070" lon="6.063580">
						<ele>523</ele>
						<time>2024-03-21T06:48:34Z</time>
					</trkpt>
					<trkpt lat="43.287020" lon="6.063650">
						<ele>521</ele>
						<time>2024-03-21T06:48:38Z</time>
					</trkpt>
					<trkpt lat="43.286990" lon="6.063670">
						<ele>521</ele>
						<time>2024-03-21T06:48:39Z</time>
					</trkpt>
					<trkpt lat="43.286890" lon="6.063660">
						<ele>523</ele>
						<time>2024-03-21T06:48:44Z</time>
					</trkpt>
					<trkpt lat="43.286830" lon="6.063680">
						<ele>523</ele>
						<time>2024-03-21T06:48:48Z</time>
					</trkpt>
					<trkpt lat="43.286770" lon="6.063760">
						<ele>521</ele>
						<time>2024-03-21T06:48:52Z</time>
					</trkpt>
					<trkpt lat="43.286680" lon="6.063820">
						<ele>520</ele>
						<time>2024-03-21T06:48:57Z</time>
					</trkpt>
					<trkpt lat="43.286740" lon="6.064020">
						<ele>513</ele>
						<time>2024-03-21T06:49:05Z</time>
					</trkpt>
					<trkpt lat="43.286730" lon="6.064200">
						<ele>507</ele>
						<time>2024-03-21T06:49:11Z</time>
					</trkpt>
					<trkpt lat="43.286790" lon="6.064320">
						<ele>504</ele>
						<time>2024-03-21T06:49:17Z</time>
					</trkpt>
					<trkpt lat="43.286810" lon="6.064490">
						<ele>499</ele>
						<time>2024-03-21T06:49:23Z</time>
					</trkpt>
					<trkpt lat="43.286800" lon="6.064730">
						<ele>492</ele>
						<time>2024-03-21T06:49:32Z</time>
					</trkpt>
					<trkpt lat="43.286830" lon="6.064930">
						<ele>486</ele>
						<time>2024-03-21T06:49:39Z</time>
					</trkpt>
					<trkpt lat="43.286800" lon="6.065150">
						<ele>481</ele>
						<time>2024-03-21T06:49:47Z</time>
					</trkpt>
					<trkpt lat="43.286810" lon="6.065450">
						<ele>473</ele>
						<time>2024-03-21T06:49:58Z</time>
					</trkpt>
					<trkpt lat="43.286780" lon="6.065560">
						<ele>470</ele>
						<time>2024-03-21T06:50:02Z</time>
					</trkpt>
					<trkpt lat="43.286880" lon="6.065840">
						<ele>463</ele>
						<time>2024-03-21T06:50:14Z</time>
					</trkpt>
					<trkpt lat="43.286880" lon="6.065910">
						<ele>462</ele>
						<time>2024-03-21T06:50:16Z</time>
					</trkpt>
					<trkpt lat="43.286940" lon="6.065990">
						<ele>460</ele>
						<time>2024-03-21T06:50:20Z</time>
					</trkpt>
					<trkpt lat="43.286920" lon="6.066140">
						<ele>457</ele>
						<time>2024-03-21T06:50:26Z</time>
					</trkpt>
					<trkpt lat="43.286980" lon="6.066680">
						<ele>445</ele>
						<time>2024-03-21T06:50:46Z</time>
					</trkpt>
					<trkpt lat="43.287070" lon="6.066980">
						<ele>441</ele>
						<time>2024-03-21T06:50:58Z</time>
					</trkpt>
					<trkpt lat="43.287210" lon="6.067200">
						<ele>437</ele>
						<time>2024-03-21T06:51:08Z</time>
					</trkpt>
					<trkpt lat="43.287230" lon="6.067280">
						<ele>436</ele>
						<time>2024-03-21T06:51:11Z</time>
					</trkpt>
					<trkpt lat="43.287240" lon="6.067430">
						<ele>434</ele>
						<time>2024-03-21T06:51:17Z</time>
					</trkpt>
					<trkpt lat="43.287180" lon="6.067610">
						<ele>432</ele>
						<time>2024-03-21T06:51:24Z</time>
					</trkpt>
					<trkpt lat="43.287180" lon="6.067700">
						<ele>432</ele>
						<time>2024-03-21T06:51:27Z</time>
					</trkpt>
					<trkpt lat="43.287140" lon="6.067770">
						<ele>431</ele>
						<time>2024-03-21T06:51:31Z</time>
					</trkpt>
					<trkpt lat="43.286910" lon="6.068580">
						<ele>427</ele>
						<time>2024-03-21T06:52:02Z</time>
					</trkpt>
					<trkpt lat="43.286750" lon="6.068930">
						<ele>425</ele>
						<time>2024-03-21T06:52:17Z</time>
					</trkpt>
					<trkpt lat="43.286560" lon="6.069230">
						<ele>424</ele>
						<time>2024-03-21T06:52:32Z</time>
					</trkpt>
					<trkpt lat="43.286520" lon="6.069240">
						<ele>424</ele>
						<time>2024-03-21T06:52:34Z</time>
					</trkpt>
					<trkpt lat="43.286380" lon="6.069040">
						<ele>425</ele>
						<time>2024-03-21T06:52:44Z</time>
					</trkpt>
					<trkpt lat="43.285970" lon="6.068610">
						<ele>428</ele>
						<time>2024-03-21T06:53:10Z</time>
					</trkpt>
					<trkpt lat="43.285820" lon="6.068420">
						<ele>429</ele>
						<time>2024-03-21T06:53:20Z</time>
					</trkpt>
					<trkpt lat="43.285590" lon="6.067810">
						<ele>433</ele>
						<time>2024-03-21T06:53:45Z</time>
					</trkpt>
					<trkpt lat="43.285430" lon="6.067550">
						<ele>435</ele>
						<time>2024-03-21T06:53:57Z</time>
					</trkpt>
					<trkpt lat="43.285280" lon="6.067380">
						<ele>436</ele>
						<time>2024-03-21T06:54:07Z</time>
					</trkpt>
					<trkpt lat="43.284960" lon="6.067240">
						<ele>437</ele>
						<time>2024-03-21T06:54:24Z</time>
					</trkpt>
					<trkpt lat="43.284330" lon="6.067080">
						<ele>437</ele>
						<time>2024-03-21T06:54:56Z</time>
					</trkpt>
					<trkpt lat="43.284180" lon="6.066960">
						<ele>438</ele>
						<time>2024-03-21T06:55:05Z</time>
					</trkpt>
					<trkpt lat="43.283850" lon="6.066470">
						<ele>439</ele>
						<time>2024-03-21T06:55:29Z</time>
					</trkpt>
					<trkpt lat="43.283720" lon="6.066340">
						<ele>441</ele>
						<time>2024-03-21T06:55:37Z</time>
					</trkpt>
					<trkpt lat="43.283590" lon="6.066290">
						<ele>441</ele>
						<time>2024-03-21T06:55:44Z</time>
					</trkpt>
					<trkpt lat="43.283200" lon="6.066320">
						<ele>439</ele>
						<time>2024-03-21T06:56:03Z</time>
					</trkpt>
					<trkpt lat="43.283060" lon="6.066280">
						<ele>439</ele>
						<time>2024-03-21T06:56:11Z</time>
					</trkpt>
					<trkpt lat="43.282650" lon="6.065990">
						<ele>441</ele>
						<time>2024-03-21T06:56:34Z</time>
					</trkpt>
					<trkpt lat="43.282290" lon="6.065810">
						<ele>441</ele>
						<time>2024-03-21T06:56:53Z</time>
					</trkpt>
					<trkpt lat="43.282160" lon="6.065710">
						<ele>441</ele>
						<time>2024-03-21T06:57:00Z</time>
					</trkpt>
					<trkpt lat="43.282100" lon="6.065630">
						<ele>441</ele>
						<time>2024-03-21T06:57:04Z</time>
					</trkpt>
					<trkpt lat="43.281930" lon="6.065030">
						<ele>440</ele>
						<time>2024-03-21T06:57:28Z</time>
					</trkpt>
					<trkpt lat="43.281710" lon="6.064620">
						<ele>436</ele>
						<time>2024-03-21T06:57:46Z</time>
					</trkpt>
					<trkpt lat="43.281540" lon="6.063920">
						<ele>433</ele>
						<time>2024-03-21T06:58:13Z</time>
					</trkpt>
					<trkpt lat="43.281500" lon="6.063560">
						<ele>433</ele>
						<time>2024-03-21T06:58:27Z</time>
					</trkpt>
					<trkpt lat="43.281440" lon="6.063440">
						<ele>431</ele>
						<time>2024-03-21T06:58:32Z</time>
					</trkpt>
					<trkpt lat="43.281170" lon="6.063240">
						<ele>425</ele>
						<time>2024-03-21T06:58:47Z</time>
					</trkpt>
					<trkpt lat="43.281070" lon="6.063080">
						<ele>422</ele>
						<time>2024-03-21T06:58:55Z</time>
					</trkpt>
					<trkpt lat="43.280760" lon="6.062200">
						<ele>415</ele>
						<time>2024-03-21T06:59:31Z</time>
					</trkpt>
					<trkpt lat="43.280620" lon="6.061970">
						<ele>412</ele>
						<time>2024-03-21T06:59:42Z</time>
					</trkpt>
					<trkpt lat="43.280470" lon="6.061630">
						<ele>410</ele>
						<time>2024-03-21T06:59:56Z</time>
					</trkpt>
					<trkpt lat="43.280260" lon="6.060970">
						<ele>405</ele>
						<time>2024-03-21T07:00:22Z</time>
					</trkpt>
					<trkpt lat="43.280060" lon="6.060180">
						<ele>405</ele>
						<time>2024-03-21T07:00:53Z</time>
					</trkpt>
					<trkpt lat="43.279690" lon="6.059530">
						<ele>403</ele>
						<time>2024-03-21T07:01:23Z</time>
					</trkpt>
					<trkpt lat="43.279570" lon="6.059220">
						<ele>403</ele>
						<time>2024-03-21T07:01:36Z</time>
					</trkpt>
					<trkpt lat="43.279490" lon="6.059140">
						<ele>402</ele>
						<time>2024-03-21T07:01:41Z</time>
					</trkpt>
					<trkpt lat="43.279120" lon="6.059080">
						<ele>394</ele>
						<time>2024-03-21T07:01:59Z</time>
					</trkpt>
					<trkpt lat="43.278880" lon="6.058960">
						<ele>394</ele>
						<time>2024-03-21T07:02:12Z</time>
					</trkpt>
					<trkpt lat="43.278830" lon="6.058960">
						<ele>394</ele>
						<time>2024-03-21T07:02:14Z</time>
					</trkpt>
					<trkpt lat="43.278500" lon="6.059050">
						<ele>390</ele>
						<time>2024-03-21T07:02:31Z</time>
					</trkpt>
					<trkpt lat="43.278110" lon="6.059230">
						<ele>385</ele>
						<time>2024-03-21T07:02:52Z</time>
					</trkpt>
					<trkpt lat="43.277670" lon="6.059370">
						<ele>381</ele>
						<time>2024-03-21T07:03:14Z</time>
					</trkpt>
					<trkpt lat="43.277480" lon="6.059340">
						<ele>380</ele>
						<time>2024-03-21T07:03:24Z</time>
					</trkpt>
					<trkpt lat="43.277370" lon="6.059250">
						<ele>380</ele>
						<time>2024-03-21T07:03:30Z</time>
					</trkpt>
					<trkpt lat="43.277200" lon="6.059040">
						<ele>382</ele>
						<time>2024-03-21T07:03:42Z</time>
					</trkpt>
					<trkpt lat="43.277110" lon="6.059010">
						<ele>382</ele>
						<time>2024-03-21T07:03:47Z</time>
					</trkpt>
					<trkpt lat="43.277010" lon="6.059010">
						<ele>381</ele>
						<time>2024-03-21T07:03:52Z</time>
					</trkpt>
					<trkpt lat="43.276970" lon="6.058980">
						<ele>381</ele>
						<time>2024-03-21T07:03:54Z</time>
					</trkpt>
					<trkpt lat="43.276910" lon="6.059090">
						<ele>380</ele>
						<time>2024-03-21T07:03:59Z</time>
					</trkpt>
					<trkpt lat="43.276650" lon="6.059210">
						<ele>378</ele>
						<time>2024-03-21T07:04:13Z</time>
					</trkpt>
					<trkpt lat="43.276280" lon="6.059170">
						<ele>377</ele>
						<time>2024-03-21T07:04:31Z</time>
					</trkpt>
					<trkpt lat="43.275650" lon="6.059000">
						<ele>376</ele>
						<time>2024-03-21T07:05:03Z</time>
					</trkpt>
					<trkpt lat="43.275520" lon="6.058840">
						<ele>376</ele>
						<time>2024-03-21T07:05:12Z</time>
					</trkpt>
					<trkpt lat="43.275180" lon="6.058590">
						<ele>375</ele>
						<time>2024-03-21T07:05:31Z</time>
					</trkpt>
					<trkpt lat="43.274960" lon="6.058440">
						<ele>374</ele>
						<time>2024-03-21T07:05:44Z</time>
					</trkpt>
					<trkpt lat="43.274680" lon="6.058330">
						<ele>371</ele>
						<time>2024-03-21T07:05:58Z</time>
					</trkpt>
					<trkpt lat="43.274530" lon="6.058300">
						<ele>370</ele>
						<time>2024-03-21T07:06:06Z</time>
					</trkpt>
					<trkpt lat="43.274230" lon="6.058380">
						<ele>366</ele>
						<time>2024-03-21T07:06:21Z</time>
					</trkpt>
					<trkpt lat="43.273830" lon="6.058240">
						<ele>362</ele>
						<time>2024-03-21T07:06:42Z</time>
					</trkpt>
					<trkpt lat="43.273710" lon="6.058110">
						<ele>361</ele>
						<time>2024-03-21T07:06:49Z</time>
					</trkpt>
					<trkpt lat="43.273500" lon="6.057970">
						<ele>359</ele>
						<time>2024-03-21T07:07:01Z</time>
					</trkpt>
					<trkpt lat="43.273250" lon="6.057710">
						<ele>357</ele>
						<time>2024-03-21T07:07:17Z</time>
					</trkpt>
					<trkpt lat="43.273170" lon="6.057540">
						<ele>356</ele>
						<time>2024-03-21T07:07:24Z</time>
					</trkpt>
					<trkpt lat="43.273210" lon="6.057070">
						<ele>358</ele>
						<time>2024-03-21T07:07:41Z</time>
					</trkpt>
					<trkpt lat="43.273590" lon="6.056870">
						<ele>365</ele>
						<time>2024-03-21T07:08:02Z</time>
					</trkpt>
					<trkpt lat="43.273690" lon="6.056700">
						<ele>367</ele>
						<time>2024-03-21T07:08:10Z</time>
					</trkpt>
					<trkpt lat="43.273680" lon="6.056470">
						<ele>368</ele>
						<time>2024-03-21T07:08:18Z</time>
					</trkpt>
					<trkpt lat="43.273580" lon="6.056230">
						<ele>368</ele>
						<time>2024-03-21T07:08:28Z</time>
					</trkpt>
					<trkpt lat="43.273420" lon="6.055950">
						<ele>367</ele>
						<time>2024-03-21T07:08:41Z</time>
					</trkpt>
					<trkpt lat="43.273180" lon="6.055160">
						<ele>370</ele>
						<time>2024-03-21T07:09:12Z</time>
					</trkpt>
					<trkpt lat="43.273060" lon="6.055000">
						<ele>369</ele>
						<time>2024-03-21T07:09:21Z</time>
					</trkpt>
					<trkpt lat="43.272970" lon="6.054800">
						<ele>369</ele>
						<time>2024-03-21T07:09:29Z</time>
					</trkpt>
					<trkpt lat="43.272540" lon="6.054280">
						<ele>365</ele>
						<time>2024-03-21T07:09:58Z</time>
					</trkpt>
					<trkpt lat="43.272390" lon="6.054150">
						<ele>363</ele>
						<time>2024-03-21T07:10:07Z</time>
					</trkpt>
					<trkpt lat="43.272330" lon="6.054050">
						<ele>364</ele>
						<time>2024-03-21T07:10:11Z</time>
					</trkpt>
					<trkpt lat="43.272320" lon="6.053690">
						<ele>368</ele>
						<time>2024-03-21T07:10:25Z</time>
					</trkpt>
					<trkpt lat="43.272300" lon="6.053650">
						<ele>368</ele>
						<time>2024-03-21T07:10:26Z</time>
					</trkpt>
					<trkpt lat="43.272280" lon="6.053620">
						<ele>368</ele>
						<time>2024-03-21T07:10:28Z</time>
					</trkpt>
					<trkpt lat="43.272070" lon="6.053530">
						<ele>365</ele>
						<time>2024-03-21T07:10:39Z</time>
					</trkpt>
					<trkpt lat="43.271710" lon="6.053220">
						<ele>362</ele>
						<time>2024-03-21T07:11:00Z</time>
					</trkpt>
					<trkpt lat="43.271590" lon="6.053020">
						<ele>363</ele>
						<time>2024-03-21T07:11:10Z</time>
					</trkpt>
					<trkpt lat="43.271560" lon="6.052940">
						<ele>363</ele>
						<time>2024-03-21T07:11:13Z</time>
					</trkpt>
					<trkpt lat="43.271560" lon="6.052850">
						<ele>364</ele>
						<time>2024-03-21T07:11:16Z</time>
					</trkpt>
					<trkpt lat="43.271580" lon="6.052810">
						<ele>365</ele>
						<time>2024-03-21T07:11:18Z</time>
					</trkpt>
					<trkpt lat="43.271660" lon="6.052780">
						<ele>367</ele>
						<time>2024-03-21T07:11:22Z</time>
					</trkpt>
					<trkpt lat="43.271790" lon="6.052910">
						<ele>368</ele>
						<time>2024-03-21T07:11:30Z</time>
					</trkpt>
					<trkpt lat="43.271990" lon="6.053010">
						<ele>371</ele>
						<time>2024-03-21T07:11:41Z</time>
					</trkpt>
					<trkpt lat="43.272360" lon="6.053100">
						<ele>377</ele>
						<time>2024-03-21T07:12:00Z</time>
					</trkpt>
					<trkpt lat="43.272510" lon="6.053070">
						<ele>380</ele>
						<time>2024-03-21T07:12:07Z</time>
					</trkpt>
					<trkpt lat="43.272520" lon="6.053010">
						<ele>382</ele>
						<time>2024-03-21T07:12:09Z</time>
					</trkpt>
					<trkpt lat="43.272480" lon="6.052930">
						<ele>382</ele>
						<time>2024-03-21T07:12:13Z</time>
					</trkpt>
					<trkpt lat="43.272410" lon="6.052550">
						<ele>388</ele>
						<time>2024-03-21T07:12:27Z</time>
					</trkpt>
					<trkpt lat="43.272450" lon="6.052430">
						<ele>391</ele>
						<time>2024-03-21T07:12:32Z</time>
					</trkpt>
					<trkpt lat="43.272610" lon="6.052390">
						<ele>394</ele>
						<time>2024-03-21T07:12:40Z</time>
					</trkpt>
					<trkpt lat="43.272780" lon="6.052230">
						<ele>398</ele>
						<time>2024-03-21T07:12:50Z</time>
					</trkpt>
					<trkpt lat="43.272910" lon="6.051930">
						<ele>404</ele>
						<time>2024-03-21T07:13:03Z</time>
					</trkpt>
					<trkpt lat="43.273010" lon="6.051760">
						<ele>408</ele>
						<time>2024-03-21T07:13:11Z</time>
					</trkpt>
					<trkpt lat="43.273060" lon="6.051580">
						<ele>411</ele>
						<time>2024-03-21T07:13:18Z</time>
					</trkpt>
					<trkpt lat="43.273200" lon="6.051280">
						<ele>417</ele>
						<time>2024-03-21T07:13:31Z</time>
					</trkpt>
					<trkpt lat="43.273390" lon="6.050960">
						<ele>426</ele>
						<time>2024-03-21T07:13:46Z</time>
					</trkpt>
					<trkpt lat="43.273500" lon="6.050690">
						<ele>432</ele>
						<time>2024-03-21T07:13:57Z</time>
					</trkpt>
					<trkpt lat="43.273630" lon="6.050530">
						<ele>437</ele>
						<time>2024-03-21T07:14:06Z</time>
					</trkpt>
					<trkpt lat="43.273690" lon="6.050490">
						<ele>439</ele>
						<time>2024-03-21T07:14:10Z</time>
					</trkpt>
					<trkpt lat="43.273880" lon="6.050100">
						<ele>450</ele>
						<time>2024-03-21T07:14:27Z</time>
					</trkpt>
					<trkpt lat="43.274140" lon="6.049840">
						<ele>463</ele>
						<time>2024-03-21T07:14:43Z</time>
					</trkpt>
					<trkpt lat="43.274410" lon="6.049470">
						<ele>480</ele>
						<time>2024-03-21T07:15:02Z</time>
					</trkpt>
					<trkpt lat="43.274470" lon="6.049420">
						<ele>483</ele>
						<time>2024-03-21T07:15:05Z</time>
					</trkpt>
					<trkpt lat="43.274670" lon="6.049140">
						<ele>494</ele>
						<time>2024-03-21T07:15:20Z</time>
					</trkpt>
					<trkpt lat="43.274740" lon="6.048940">
						<ele>501</ele>
						<time>2024-03-21T07:15:28Z</time>
					</trkpt>
					<trkpt lat="43.274860" lon="6.048780">
						<ele>508</ele>
						<time>2024-03-21T07:15:36Z</time>
					</trkpt>
					<trkpt lat="43.274990" lon="6.048690">
						<ele>514</ele>
						<time>2024-03-21T07:15:43Z</time>
					</trkpt>
					<trkpt lat="43.275100" lon="6.048660">
						<ele>519</ele>
						<time>2024-03-21T07:15:49Z</time>
					</trkpt>
					<trkpt lat="43.275140" lon="6.048600">
						<ele>521</ele>
						<time>2024-03-21T07:15:52Z</time>
					</trkpt>
					<trkpt lat="43.275140" lon="6.048550">
						<ele>522</ele>
						<time>2024-03-21T07:15:54Z</time>
					</trkpt>
					<trkpt lat="43.274970" lon="6.048150">
						<ele>527</ele>
						<time>2024-03-21T07:16:11Z</time>
					</trkpt>
					<trkpt lat="43.274850" lon="6.048030">
						<ele>528</ele>
						<time>2024-03-21T07:16:18Z</time>
					</trkpt>
					<trkpt lat="43.274700" lon="6.047770">
						<ele>533</ele>
						<time>2024-03-21T07:16:30Z</time>
					</trkpt>
					<trkpt lat="43.274270" lon="6.047250">
						<ele>541</ele>
						<time>2024-03-21T07:16:59Z</time>
					</trkpt>
					<trkpt lat="43.273970" lon="6.047180">
						<ele>536</ele>
						<time>2024-03-21T07:17:14Z</time>
					</trkpt>
					<trkpt lat="43.273830" lon="6.047110">
						<ele>535</ele>
						<time>2024-03-21T07:17:21Z</time>
					</trkpt>
					<trkpt lat="43.273710" lon="6.047010">
						<ele>537</ele>
						<time>2024-03-21T07:17:29Z</time>
					</trkpt>
					<trkpt lat="43.273340" lon="6.046860">
						<ele>535</ele>
						<time>2024-03-21T07:17:48Z</time>
					</trkpt>
					<trkpt lat="43.273140" lon="6.046720">
						<ele>540</ele>
						<time>2024-03-21T07:17:59Z</time>
					</trkpt>
					<trkpt lat="43.273060" lon="6.046700">
						<ele>540</ele>
						<time>2024-03-21T07:18:03Z</time>
					</trkpt>
					<trkpt lat="43.272930" lon="6.046740">
						<ele>538</ele>
						<time>2024-03-21T07:18:10Z</time>
					</trkpt>
					<trkpt lat="43.272770" lon="6.046850">
						<ele>532</ele>
						<time>2024-03-21T07:18:19Z</time>
					</trkpt>
					<trkpt lat="43.272570" lon="6.047120">
						<ele>520</ele>
						<time>2024-03-21T07:18:33Z</time>
					</trkpt>
					<trkpt lat="43.272460" lon="6.047220">
						<ele>515</ele>
						<time>2024-03-21T07:18:39Z</time>
					</trkpt>
					<trkpt lat="43.272260" lon="6.047290">
						<ele>510</ele>
						<time>2024-03-21T07:18:50Z</time>
					</trkpt>
					<trkpt lat="43.272030" lon="6.047460">
						<ele>502</ele>
						<time>2024-03-21T07:19:03Z</time>
					</trkpt>
					<trkpt lat="43.271890" lon="6.047500">
						<ele>499</ele>
						<time>2024-03-21T07:19:10Z</time>
					</trkpt>
					<trkpt lat="43.271800" lon="6.047520">
						<ele>498</ele>
						<time>2024-03-21T07:19:14Z</time>
					</trkpt>
					<trkpt lat="43.271690" lon="6.047500">
						<ele>498</ele>
						<time>2024-03-21T07:19:20Z</time>
					</trkpt>
					<trkpt lat="43.271370" lon="6.047250">
						<ele>503</ele>
						<time>2024-03-21T07:19:38Z</time>
					</trkpt>
					<trkpt lat="43.271260" lon="6.047230">
						<ele>502</ele>
						<time>2024-03-21T07:19:44Z</time>
					</trkpt>
					<trkpt lat="43.271100" lon="6.047270">
						<ele>498</ele>
						<time>2024-03-21T07:19:52Z</time>
					</trkpt>
					<trkpt lat="43.270770" lon="6.047470">
						<ele>486</ele>
						<time>2024-03-21T07:20:10Z</time>
					</trkpt>
					<trkpt lat="43.270400" lon="6.047580">
						<ele>477</ele>
						<time>2024-03-21T07:20:29Z</time>
					</trkpt>
					<trkpt lat="43.270350" lon="6.047580">
						<ele>476</ele>
						<time>2024-03-21T07:20:32Z</time>
					</trkpt>
					<trkpt lat="43.270210" lon="6.047510">
						<ele>477</ele>
						<time>2024-03-21T07:20:39Z</time>
					</trkpt>
					<trkpt lat="43.269980" lon="6.047440">
						<ele>476</ele>
						<time>2024-03-21T07:20:51Z</time>
					</trkpt>
					<trkpt lat="43.269880" lon="6.047440">
						<ele>475</ele>
						<time>2024-03-21T07:20:56Z</time>
					</trkpt>
					<trkpt lat="43.269450" lon="6.047720">
						<ele>464</ele>
						<time>2024-03-21T07:21:20Z</time>
					</trkpt>
					<trkpt lat="43.269310" lon="6.047770">
						<ele>462</ele>
						<time>2024-03-21T07:21:27Z</time>
					</trkpt>
					<trkpt lat="43.268830" lon="6.047820">
						<ele>456</ele>
						<time>2024-03-21T07:21:51Z</time>
					</trkpt>
					<trkpt lat="43.268450" lon="6.047890">
						<ele>449</ele>
						<time>2024-03-21T07:22:10Z</time>
					</trkpt>
					<trkpt lat="43.268320" lon="6.048000">
						<ele>444</ele>
						<time>2024-03-21T07:22:18Z</time>
					</trkpt>
					<trkpt lat="43.268210" lon="6.048200">
						<ele>437</ele>
						<time>2024-03-21T07:22:27Z</time>
					</trkpt>
					<trkpt lat="43.268100" lon="6.048330">
						<ele>432</ele>
						<time>2024-03-21T07:22:34Z</time>
					</trkpt>
					<trkpt lat="43.267980" lon="6.048590">
						<ele>424</ele>
						<time>2024-03-21T07:22:45Z</time>
					</trkpt>
					<trkpt lat="43.267690" lon="6.048850">
						<ele>416</ele>
						<time>2024-03-21T07:23:03Z</time>
					</trkpt>
					<trkpt lat="43.267260" lon="6.049110">
						<ele>407</ele>
						<time>2024-03-21T07:23:26Z</time>
					</trkpt>
					<trkpt lat="43.267000" lon="6.049190">
						<ele>404</ele>
						<time>2024-03-21T07:23:40Z</time>
					</trkpt>
					<trkpt lat="43.266820" lon="6.049210">
						<ele>402</ele>
						<time>2024-03-21T07:23:49Z</time>
					</trkpt>
					<trkpt lat="43.266740" lon="6.049190">
						<ele>402</ele>
						<time>2024-03-21T07:23:53Z</time>
					</trkpt>
					<trkpt lat="43.266270" lon="6.048790">
						<ele>404</ele>
						<time>2024-03-21T07:24:20Z</time>
					</trkpt>
					<trkpt lat="43.266030" lon="6.048530">
						<ele>404</ele>
						<time>2024-03-21T07:24:36Z</time>
					</trkpt>
					<trkpt lat="43.265820" lon="6.048470">
						<ele>402</ele>
						<time>2024-03-21T07:24:46Z</time>
					</trkpt>
					<trkpt lat="43.265740" lon="6.048400">
						<ele>402</ele>
						<time>2024-03-21T07:24:51Z</time>
					</trkpt>
					<trkpt lat="43.265510" lon="6.047940">
						<ele>406</ele>
						<time>2024-03-21T07:25:12Z</time>
					</trkpt>
					<trkpt lat="43.265380" lon="6.047550">
						<ele>410</ele>
						<time>2024-03-21T07:25:27Z</time>
					</trkpt>
					<trkpt lat="43.265300" lon="6.047390">
						<ele>411</ele>
						<time>2024-03-21T07:25:34Z</time>
					</trkpt>
					<trkpt lat="43.265040" lon="6.047130">
						<ele>411</ele>
						<time>2024-03-21T07:25:50Z</time>
					</trkpt>
					<trkpt lat="43.264930" lon="6.047060">
						<ele>411</ele>
						<time>2024-03-21T07:25:56Z</time>
					</trkpt>
					<trkpt lat="43.264760" lon="6.047050">
						<ele>410</ele>
						<time>2024-03-21T07:26:05Z</time>
					</trkpt>
					<trkpt lat="43.264620" lon="6.047110">
						<ele>409</ele>
						<time>2024-03-21T07:26:12Z</time>
					</trkpt>
					<trkpt lat="43.264260" lon="6.047430">
						<ele>405</ele>
						<time>2024-03-21T07:26:34Z</time>
					</trkpt>
					<trkpt lat="43.264080" lon="6.047670">
						<ele>403</ele>
						<time>2024-03-21T07:26:46Z</time>
					</trkpt>
					<trkpt lat="43.263610" lon="6.048120">
						<ele>399</ele>
						<time>2024-03-21T07:27:15Z</time>
					</trkpt>
					<trkpt lat="43.263520" lon="6.048170">
						<ele>399</ele>
						<time>2024-03-21T07:27:20Z</time>
					</trkpt>
					<trkpt lat="43.263280" lon="6.048210">
						<ele>398</ele>
						<time>2024-03-21T07:27:32Z</time>
					</trkpt>
					<trkpt lat="43.262970" lon="6.048490">
						<ele>395</ele>
						<time>2024-03-21T07:27:50Z</time>
					</trkpt>
					<trkpt lat="43.262860" lon="6.048530">
						<ele>393</ele>
						<time>2024-03-21T07:27:56Z</time>
					</trkpt>
					<trkpt lat="43.262790" lon="6.048530">
						<ele>393</ele>
						<time>2024-03-21T07:28:00Z</time>
					</trkpt>
					<trkpt lat="43.262660" lon="6.048480">
						<ele>391</ele>
						<time>2024-03-21T07:28:06Z</time>
					</trkpt>
					<trkpt lat="43.262510" lon="6.048470">
						<ele>390</ele>
						<time>2024-03-21T07:28:14Z</time>
					</trkpt>
					<trkpt lat="43.261970" lon="6.048620">
						<ele>381</ele>
						<time>2024-03-21T07:28:42Z</time>
					</trkpt>
					<trkpt lat="43.261770" lon="6.048730">
						<ele>378</ele>
						<time>2024-03-21T07:28:52Z</time>
					</trkpt>
					<trkpt lat="43.261690" lon="6.048750">
						<ele>377</ele>
						<time>2024-03-21T07:28:56Z</time>
					</trkpt>
					<trkpt lat="43.261600" lon="6.048690">
						<ele>375</ele>
						<time>2024-03-21T07:29:01Z</time>
					</trkpt>
					<trkpt lat="43.261570" lon="6.048540">
						<ele>374</ele>
						<time>2024-03-21T07:29:07Z</time>
					</trkpt>
					<trkpt lat="43.261790" lon="6.047700">
						<ele>371</ele>
						<time>2024-03-21T07:29:40Z</time>
					</trkpt>
					<trkpt lat="43.262010" lon="6.047170">
						<ele>369</ele>
						<time>2024-03-21T07:30:02Z</time>
					</trkpt>
					<trkpt lat="43.262010" lon="6.047120">
						<ele>369</ele>
						<time>2024-03-21T07:30:04Z</time>
					</trkpt>
					<trkpt lat="43.261890" lon="6.046960">
						<ele>364</ele>
						<time>2024-03-21T07:30:12Z</time>
					</trkpt>
					<trkpt lat="43.261630" lon="6.046940">
						<ele>358</ele>
						<time>2024-03-21T07:30:25Z</time>
					</trkpt>
					<trkpt lat="43.261520" lon="6.046950">
						<ele>356</ele>
						<time>2024-03-21T07:30:31Z</time>
					</trkpt>
					<trkpt lat="43.261440" lon="6.047020">
						<ele>355</ele>
						<time>2024-03-21T07:30:35Z</time>
					</trkpt>
					<trkpt lat="43.261290" lon="6.047020">
						<ele>352</ele>
						<time>2024-03-21T07:30:43Z</time>
					</trkpt>
					<trkpt lat="43.261140" lon="6.047100">
						<ele>350</ele>
						<time>2024-03-21T07:30:51Z</time>
					</trkpt>
					<trkpt lat="43.261040" lon="6.047060">
						<ele>348</ele>
						<time>2024-03-21T07:30:56Z</time>
					</trkpt>
					<trkpt lat="43.260900" lon="6.047060">
						<ele>345</ele>
						<time>2024-03-21T07:31:03Z</time>
					</trkpt>
					<trkpt lat="43.260530" lon="6.047300">
						<ele>340</ele>
						<time>2024-03-21T07:31:24Z</time>
					</trkpt>
					<trkpt lat="43.260340" lon="6.047300">
						<ele>338</ele>
						<time>2024-03-21T07:31:33Z</time>
					</trkpt>
					<trkpt lat="43.260260" lon="6.047330">
						<ele>337</ele>
						<time>2024-03-21T07:31:37Z</time>
					</trkpt>
					<trkpt lat="43.259960" lon="6.047740">
						<ele>330</ele>
						<time>2024-03-21T07:31:58Z</time>
					</trkpt>
					<trkpt lat="43.259800" lon="6.047820">
						<ele>328</ele>
						<time>2024-03-21T07:32:07Z</time>
					</trkpt>
					<trkpt lat="43.259530" lon="6.048120">
						<ele>322</ele>
						<time>2024-03-21T07:32:24Z</time>
					</trkpt>
					<trkpt lat="43.259230" lon="6.048280">
						<ele>315</ele>
						<time>2024-03-21T07:32:40Z</time>
					</trkpt>
					<trkpt lat="43.259040" lon="6.048300">
						<ele>313</ele>
						<time>2024-03-21T07:32:50Z</time>
					</trkpt>
					<trkpt lat="43.258970" lon="6.048330">
						<ele>312</ele>
						<time>2024-03-21T07:32:54Z</time>
					</trkpt>
					<trkpt lat="43.258580" lon="6.048580">
						<ele>309</ele>
						<time>2024-03-21T07:33:15Z</time>
					</trkpt>
					<trkpt lat="43.258390" lon="6.048610">
						<ele>306</ele>
						<time>2024-03-21T07:33:25Z</time>
					</trkpt>
					<trkpt lat="43.257960" lon="6.048980">
						<ele>296</ele>
						<time>2024-03-21T07:33:50Z</time>
					</trkpt>
					<trkpt lat="43.257820" lon="6.049070">
						<ele>293</ele>
						<time>2024-03-21T07:33:58Z</time>
					</trkpt>
					<trkpt lat="43.257700" lon="6.049210">
						<ele>289</ele>
						<time>2024-03-21T07:34:06Z</time>
					</trkpt>
					<trkpt lat="43.257300" lon="6.049440">
						<ele>285</ele>
						<time>2024-03-21T07:34:27Z</time>
					</trkpt>
					<trkpt lat="43.257140" lon="6.049500">
						<ele>283</ele>
						<time>2024-03-21T07:34:36Z</time>
					</trkpt>
					<trkpt lat="43.257070" lon="6.049570">
						<ele>282</ele>
						<time>2024-03-21T07:34:40Z</time>
					</trkpt>
					<trkpt lat="43.256960" lon="6.049770">
						<ele>279</ele>
						<time>2024-03-21T07:34:49Z</time>
					</trkpt>
					<trkpt lat="43.256580" lon="6.050140">
						<ele>272</ele>
						<time>2024-03-21T07:35:13Z</time>
					</trkpt>
					<trkpt lat="43.256290" lon="6.050490">
						<ele>269</ele>
						<time>2024-03-21T07:35:32Z</time>
					</trkpt>
					<trkpt lat="43.256210" lon="6.050550">
						<ele>267</ele>
						<time>2024-03-21T07:35:36Z</time>
					</trkpt>
					<trkpt lat="43.256050" lon="6.050640">
						<ele>264</ele>
						<time>2024-03-21T07:35:45Z</time>
					</trkpt>
					<trkpt lat="43.255860" lon="6.050690">
						<ele>260</ele>
						<time>2024-03-21T07:35:55Z</time>
					</trkpt>
					<trkpt lat="43.255730" lon="6.050770">
						<ele>258</ele>
						<time>2024-03-21T07:36:02Z</time>
					</trkpt>
					<trkpt lat="43.255440" lon="6.050800">
						<ele>253</ele>
						<time>2024-03-21T07:36:16Z</time>
					</trkpt>
					<trkpt lat="43.255220" lon="6.050740">
						<ele>249</ele>
						<time>2024-03-21T07:36:28Z</time>
					</trkpt>
					<trkpt lat="43.254970" lon="6.050850">
						<ele>245</ele>
						<time>2024-03-21T07:36:41Z</time>
					</trkpt>
					<trkpt lat="43.254900" lon="6.050910">
						<ele>244</ele>
						<time>2024-03-21T07:36:45Z</time>
					</trkpt>
					<trkpt lat="43.254760" lon="6.051180">
						<ele>240</ele>
						<time>2024-03-21T07:36:57Z</time>
					</trkpt>
					<trkpt lat="43.254690" lon="6.051240">
						<ele>239</ele>
						<time>2024-03-21T07:37:01Z</time>
					</trkpt>
					<trkpt lat="43.254580" lon="6.051130">
						<ele>238</ele>
						<time>2024-03-21T07:37:08Z</time>
					</trkpt>
					<trkpt lat="43.254500" lon="6.050910">
						<ele>238</ele>
						<time>2024-03-21T07:37:17Z</time>
					</trkpt>
					<trkpt lat="43.254460" lon="6.050880">
						<ele>238</ele>
						<time>2024-03-21T07:37:19Z</time>
					</trkpt>
					<trkpt lat="43.254370" lon="6.050920">
						<ele>236</ele>
						<time>2024-03-21T07:37:24Z</time>
					</trkpt>
					<trkpt lat="43.254250" lon="6.050990">
						<ele>234</ele>
						<time>2024-03-21T07:37:30Z</time>
					</trkpt>
					<trkpt lat="43.254150" lon="6.051100">
						<ele>232</ele>
						<time>2024-03-21T07:37:37Z</time>
					</trkpt>
					<trkpt lat="43.253810" lon="6.051330">
						<ele>226</ele>
						<time>2024-03-21T07:37:56Z</time>
					</trkpt>
					<trkpt lat="43.253290" lon="6.051630">
						<ele>217</ele>
						<time>2024-03-21T07:38:24Z</time>
					</trkpt>
					<trkpt lat="43.252850" lon="6.052090">
						<ele>211</ele>
						<time>2024-03-21T07:38:52Z</time>
					</trkpt>
					<trkpt lat="43.252900" lon="6.051990">
						<ele>212</ele>
						<time>2024-03-21T07:38:56Z</time>
					</trkpt>
					<trkpt lat="43.252940" lon="6.051780">
						<ele>214</ele>
						<time>2024-03-21T07:39:04Z</time>
					</trkpt>
					<trkpt lat="43.252930" lon="6.050830">
						<ele>219</ele>
						<time>2024-03-21T07:39:39Z</time>
					</trkpt>
					<trkpt lat="43.252950" lon="6.050530">
						<ele>220</ele>
						<time>2024-03-21T07:39:50Z</time>
					</trkpt>
					<trkpt lat="43.253060" lon="6.049850">
						<ele>222</ele>
						<time>2024-03-21T07:40:15Z</time>
					</trkpt>
					<trkpt lat="43.253120" lon="6.048760">
						<ele>218</ele>
						<time>2024-03-21T07:40:55Z</time>
					</trkpt>
					<trkpt lat="43.253120" lon="6.048500">
						<ele>218</ele>
						<time>2024-03-21T07:41:04Z</time>
					</trkpt>
					<trkpt lat="43.253080" lon="6.048280">
						<ele>217</ele>
						<time>2024-03-21T07:41:13Z</time>
					</trkpt>
					<trkpt lat="43.253040" lon="6.048210">
						<ele>217</ele>
						<time>2024-03-21T07:41:16Z</time>
					</trkpt>
					<trkpt lat="43.252970" lon="6.048240">
						<ele>217</ele>
						<time>2024-03-21T07:41:20Z</time>
					</trkpt>
					<trkpt lat="43.252890" lon="6.047660">
						<ele>218</ele>
						<time>2024-03-21T07:41:41Z</time>
					</trkpt>
					<trkpt lat="43.252860" lon="6.047690">
						<ele>218</ele>
						<time>2024-03-21T07:41:43Z</time>
					</trkpt>
					<trkpt lat="43.252910" lon="6.047760">
						<ele>218</ele>
						<time>2024-03-21T07:41:46Z</time>
					</trkpt>
					<trkpt lat="43.252870" lon="6.047590">
						<ele>218</ele>
						<time>2024-03-21T07:41:53Z</time>
					</trkpt>
					<trkpt lat="43.252470" lon="6.048400">
						<ele>216</ele>
						<time>2024-03-21T07:42:29Z</time>
					</trkpt>
					<trkpt lat="43.252410" lon="6.048440">
						<ele>215</ele>
						<time>2024-03-21T07:42:32Z</time>
					</trkpt>
					<trkpt lat="43.252040" lon="6.048540">
						<ele>214</ele>
						<time>2024-03-21T07:42:51Z</time>
					</trkpt>
					<trkpt lat="43.251830" lon="6.048460">
						<ele>214</ele>
						<time>2024-03-21T07:43:02Z</time>
					</trkpt>
					<trkpt lat="43.251780" lon="6.048380">
						<ele>214</ele>
						<time>2024-03-21T07:43:06Z</time>
					</trkpt>
					<trkpt lat="43.251590" lon="6.048290">
						<ele>214</ele>
						<time>2024-03-21T07:43:16Z</time>
					</trkpt>
					<trkpt lat="43.251380" lon="6.048090">
						<ele>215</ele>
						<time>2024-03-21T07:43:28Z</time>
					</trkpt>
					<trkpt lat="43.251180" lon="6.047800">
						<ele>216</ele>
						<time>2024-03-21T07:43:43Z</time>
					</trkpt>
					<trkpt lat="43.251050" lon="6.047670">
						<ele>216</ele>
						<time>2024-03-21T07:43:51Z</time>
					</trkpt>
					<trkpt lat="43.250980" lon="6.047640">
						<ele>216</ele>
						<time>2024-03-21T07:43:55Z</time>
					</trkpt>
					<trkpt lat="43.250860" lon="6.047670">
						<ele>217</ele>
						<time>2024-03-21T07:44:01Z</time>
					</trkpt>
					<trkpt lat="43.250820" lon="6.047640">
						<ele>218</ele>
						<time>2024-03-21T07:44:03Z</time>
					</trkpt>
					<trkpt lat="43.250740" lon="6.047500">
						<ele>221</ele>
						<time>2024-03-21T07:44:10Z</time>
					</trkpt>
					<trkpt lat="43.250670" lon="6.047220">
						<ele>223</ele>
						<time>2024-03-21T07:44:20Z</time>
					</trkpt>
					<trkpt lat="43.250620" lon="6.047130">
						<ele>225</ele>
						<time>2024-03-21T07:44:25Z</time>
					</trkpt>
					<trkpt lat="43.250460" lon="6.047040">
						<ele>230</ele>
						<time>2024-03-21T07:44:33Z</time>
					</trkpt>
					<trkpt lat="43.250270" lon="6.046860">
						<ele>237</ele>
						<time>2024-03-21T07:44:45Z</time>
					</trkpt>
					<trkpt lat="43.250070" lon="6.046720">
						<ele>244</ele>
						<time>2024-03-21T07:44:56Z</time>
					</trkpt>
					<trkpt lat="43.249870" lon="6.046650">
						<ele>252</ele>
						<time>2024-03-21T07:45:06Z</time>
					</trkpt>
					<trkpt lat="43.249760" lon="6.046800">
						<ele>258</ele>
						<time>2024-03-21T07:45:14Z</time>
					</trkpt>
					<trkpt lat="43.249640" lon="6.046890">
						<ele>264</ele>
						<time>2024-03-21T07:45:21Z</time>
					</trkpt>
					<trkpt lat="43.249300" lon="6.047050">
						<ele>280</ele>
						<time>2024-03-21T07:45:39Z</time>
					</trkpt>
					<trkpt lat="43.249300" lon="6.047140">
						<ele>280</ele>
						<time>2024-03-21T07:45:42Z</time>
					</trkpt>
					<trkpt lat="43.249370" lon="6.047340">
						<ele>278</ele>
						<time>2024-03-21T07:45:50Z</time>
					</trkpt>
					<trkpt lat="43.249310" lon="6.047420">
						<ele>281</ele>
						<time>2024-03-21T07:45:54Z</time>
					</trkpt>
					<trkpt lat="43.249130" lon="6.047530">
						<ele>290</ele>
						<time>2024-03-21T07:46:04Z</time>
					</trkpt>
					<trkpt lat="43.249060" lon="6.047530">
						<ele>292</ele>
						<time>2024-03-21T07:46:08Z</time>
					</trkpt>
					<trkpt lat="43.248980" lon="6.047630">
						<ele>296</ele>
						<time>2024-03-21T07:46:13Z</time>
					</trkpt>
					<trkpt lat="43.248860" lon="6.047570">
						<ele>300</ele>
						<time>2024-03-21T07:46:20Z</time>
					</trkpt>
					<trkpt lat="43.248760" lon="6.047670">
						<ele>304</ele>
						<time>2024-03-21T07:46:26Z</time>
					</trkpt>
					<trkpt lat="43.248550" lon="6.047420">
						<ele>312</ele>
						<time>2024-03-21T07:46:40Z</time>
					</trkpt>
					<trkpt lat="43.248450" lon="6.047180">
						<ele>318</ele>
						<time>2024-03-21T07:46:50Z</time>
					</trkpt>
					<trkpt lat="43.248440" lon="6.047050">
						<ele>319</ele>
						<time>2024-03-21T07:46:55Z</time>
					</trkpt>
					<trkpt lat="43.248300" lon="6.046860">
						<ele>327</ele>
						<time>2024-03-21T07:47:04Z</time>
					</trkpt>
					<trkpt lat="43.248170" lon="6.046800">
						<ele>332</ele>
						<time>2024-03-21T07:47:11Z</time>
					</trkpt>
					<trkpt lat="43.248070" lon="6.046900">
						<ele>334</ele>
						<time>2024-03-21T07:47:17Z</time>
					</trkpt>
					<trkpt lat="43.247940" lon="6.046890">
						<ele>339</ele>
						<time>2024-03-21T07:47:24Z</time>
					</trkpt>
					<trkpt lat="43.247910" lon="6.046850">
						<ele>340</ele>
						<time>2024-03-21T07:47:26Z</time>
					</trkpt>
					<trkpt lat="43.247890" lon="6.046740">
						<ele>342</ele>
						<time>2024-03-21T07:47:30Z</time>
					</trkpt>
					<trkpt lat="43.247740" lon="6.046490">
						<ele>348</ele>
						<time>2024-03-21T07:47:42Z</time>
					</trkpt>
					<trkpt lat="43.247730" lon="6.046410">
						<ele>349</ele>
						<time>2024-03-21T07:47:45Z</time>
					</trkpt>
					<trkpt lat="43.247650" lon="6.046460">
						<ele>352</ele>
						<time>2024-03-21T07:47:49Z</time>
					</trkpt>
					<trkpt lat="43.247370" lon="6.046810">
						<ele>357</ele>
						<time>2024-03-21T07:48:08Z</time>
					</trkpt>
					<trkpt lat="43.247290" lon="6.046960">
						<ele>357</ele>
						<time>2024-03-21T07:48:15Z</time>
					</trkpt>
					<trkpt lat="43.247230" lon="6.046970">
						<ele>358</ele>
						<time>2024-03-21T07:48:18Z</time>
					</trkpt>
					<trkpt lat="43.247190" lon="6.046870">
						<ele>359</ele>
						<time>2024-03-21T07:48:22Z</time>
					</trkpt>
					<trkpt lat="43.247160" lon="6.046880">
						<ele>360</ele>
						<time>2024-03-21T07:48:24Z</time>
					</trkpt>
					<trkpt lat="43.247000" lon="6.047050">
						<ele>360</ele>
						<time>2024-03-21T07:48:34Z</time>
					</trkpt>
					<trkpt lat="43.246930" lon="6.047230">
						<ele>359</ele>
						<time>2024-03-21T07:48:41Z</time>
					</trkpt>
					<trkpt lat="43.246840" lon="6.047280">
						<ele>360</ele>
						<time>2024-03-21T07:48:46Z</time>
					</trkpt>
					<trkpt lat="43.246940" lon="6.047660">
						<ele>355</ele>
						<time>2024-03-21T07:49:01Z</time>
					</trkpt>
					<trkpt lat="43.246860" lon="6.048010">
						<ele>351</ele>
						<time>2024-03-21T07:49:14Z</time>
					</trkpt>
					<trkpt lat="43.246850" lon="6.048190">
						<ele>349</ele>
						<time>2024-03-21T07:49:21Z</time>
					</trkpt>
					<trkpt lat="43.246840" lon="6.048540">
						<ele>347</ele>
						<time>2024-03-21T07:49:34Z</time>
					</trkpt>
					<trkpt lat="43.246870" lon="6.048930">
						<ele>345</ele>
						<time>2024-03-21T07:49:48Z</time>
					</trkpt>
					<trkpt lat="43.246820" lon="6.049300">
						<ele>344</ele>
						<time>2024-03-21T07:50:02Z</time>
					</trkpt>
					<trkpt lat="43.246770" lon="6.049490">
						<ele>344</ele>
						<time>2024-03-21T07:50:09Z</time>
					</trkpt>
					<trkpt lat="43.246740" lon="6.049550">
						<ele>345</ele>
						<time>2024-03-21T07:50:12Z</time>
					</trkpt>
					<trkpt lat="43.246640" lon="6.049620">
						<ele>346</ele>
						<time>2024-03-21T07:50:17Z</time>
					</trkpt>
					<trkpt lat="43.246520" lon="6.049630">
						<ele>344</ele>
						<time>2024-03-21T07:50:23Z</time>
					</trkpt>
					<trkpt lat="43.246420" lon="6.049830">
						<ele>344</ele>
						<time>2024-03-21T07:50:32Z</time>
					</trkpt>
					<trkpt lat="43.246270" lon="6.049980">
						<ele>343</ele>
						<time>2024-03-21T07:50:41Z</time>
					</trkpt>
					<trkpt lat="43.246180" lon="6.050110">
						<ele>343</ele>
						<time>2024-03-21T07:50:48Z</time>
					</trkpt>
					<trkpt lat="43.246030" lon="6.050190">
						<ele>343</ele>
						<time>2024-03-21T07:50:56Z</time>
					</trkpt>
					<trkpt lat="43.245970" lon="6.050280">
						<ele>343</ele>
						<time>2024-03-21T07:51:00Z</time>
					</trkpt>
					<trkpt lat="43.245910" lon="6.050580">
						<ele>344</ele>
						<time>2024-03-21T07:51:12Z</time>
					</trkpt>
					<trkpt lat="43.245770" lon="6.050800">
						<ele>343</ele>
						<time>2024-03-21T07:51:22Z</time>
					</trkpt>
					<trkpt lat="43.245600" lon="6.051390">
						<ele>336</ele>
						<time>2024-03-21T07:51:46Z</time>
					</trkpt>
					<trkpt lat="43.245490" lon="6.051490">
						<ele>335</ele>
						<time>2024-03-21T07:51:52Z</time>
					</trkpt>
					<trkpt lat="43.245400" lon="6.051970">
						<ele>330</ele>
						<time>2024-03-21T07:52:10Z</time>
					</trkpt>
					<trkpt lat="43.244770" lon="6.054110">
						<ele>307</ele>
						<time>2024-03-21T07:53:34Z</time>
					</trkpt>
					<trkpt lat="43.244620" lon="6.054950">
						<ele>293</ele>
						<time>2024-03-21T07:54:06Z</time>
					</trkpt>
					<trkpt lat="43.244440" lon="6.055360">
						<ele>285</ele>
						<time>2024-03-21T07:54:23Z</time>
					</trkpt>
					<trkpt lat="43.244040" lon="6.056090">
						<ele>273</ele>
						<time>2024-03-21T07:54:57Z</time>
					</trkpt>
					<trkpt lat="43.243820" lon="6.056290">
						<ele>267</ele>
						<time>2024-03-21T07:55:10Z</time>
					</trkpt>
					<trkpt lat="43.243580" lon="6.056670">
						<ele>263</ele>
						<time>2024-03-21T07:55:28Z</time>
					</trkpt>
					<trkpt lat="43.243410" lon="6.056890">
						<ele>260</ele>
						<time>2024-03-21T07:55:40Z</time>
					</trkpt>
					<trkpt lat="43.243220" lon="6.057070">
						<ele>256</ele>
						<time>2024-03-21T07:55:51Z</time>
					</trkpt>
					<trkpt lat="43.243080" lon="6.057330">
						<ele>252</ele>
						<time>2024-03-21T07:56:03Z</time>
					</trkpt>
					<trkpt lat="43.242730" lon="6.057660">
						<ele>247</ele>
						<time>2024-03-21T07:56:25Z</time>
					</trkpt>
					<trkpt lat="43.242660" lon="6.057810">
						<ele>245</ele>
						<time>2024-03-21T07:56:31Z</time>
					</trkpt>
					<trkpt lat="43.242490" lon="6.058040">
						<ele>242</ele>
						<time>2024-03-21T07:56:43Z</time>
					</trkpt>
					<trkpt lat="43.242320" lon="6.058360">
						<ele>236</ele>
						<time>2024-03-21T07:56:57Z</time>
					</trkpt>
					<trkpt lat="43.242230" lon="6.058460">
						<ele>233</ele>
						<time>2024-03-21T07:57:03Z</time>
					</trkpt>
					<trkpt lat="43.242050" lon="6.058740">
						<ele>227</ele>
						<time>2024-03-21T07:57:17Z</time>
					</trkpt>
					<trkpt lat="43.241960" lon="6.058930">
						<ele>225</ele>
						<time>2024-03-21T07:57:25Z</time>
					</trkpt>
					<trkpt lat="43.241880" lon="6.059030">
						<ele>224</ele>
						<time>2024-03-21T07:57:30Z</time>
					</trkpt>
					<trkpt lat="43.241820" lon="6.059190">
						<ele>223</ele>
						<time>2024-03-21T07:57:37Z</time>
					</trkpt>
					<trkpt lat="43.241560" lon="6.059590">
						<ele>217</ele>
						<time>2024-03-21T07:57:57Z</time>
					</trkpt>
					<trkpt lat="43.241450" lon="6.059720">
						<ele>214</ele>
						<time>2024-03-21T07:58:04Z</time>
					</trkpt>
					<trkpt lat="43.241440" lon="6.059770">
						<ele>213</ele>
						<time>2024-03-21T07:58:06Z</time>
					</trkpt>
					<trkpt lat="43.241360" lon="6.059850">
						<ele>212</ele>
						<time>2024-03-21T07:58:11Z</time>
					</trkpt>
					<trkpt lat="43.241170" lon="6.060150">
						<ele>207</ele>
						<time>2024-03-21T07:58:25Z</time>
					</trkpt>
					<trkpt lat="43.240870" lon="6.060520">
						<ele>201</ele>
						<time>2024-03-21T07:58:45Z</time>
					</trkpt>
					<trkpt lat="43.240780" lon="6.060600">
						<ele>199</ele>
						<time>2024-03-21T07:58:51Z</time>
					</trkpt>
					<trkpt lat="43.240670" lon="6.060890">
						<ele>194</ele>
						<time>2024-03-21T07:59:03Z</time>
					</trkpt>
					<trkpt lat="43.240610" lon="6.060990">
						<ele>191</ele>
						<time>2024-03-21T07:59:07Z</time>
					</trkpt>
					<trkpt lat="43.240140" lon="6.061580">
						<ele>178</ele>
						<time>2024-03-21T07:59:39Z</time>
					</trkpt>
					<trkpt lat="43.240060" lon="6.061740">
						<ele>175</ele>
						<time>2024-03-21T07:59:46Z</time>
					</trkpt>
					<trkpt lat="43.239990" lon="6.061960">
						<ele>172</ele>
						<time>2024-03-21T07:59:55Z</time>
					</trkpt>
					<trkpt lat="43.239810" lon="6.062120">
						<ele>170</ele>
						<time>2024-03-21T08:00:06Z</time>
					</trkpt>
					<trkpt lat="43.239780" lon="6.062190">
						<ele>169</ele>
						<time>2024-03-21T08:00:09Z</time>
					</trkpt>
					<trkpt lat="43.239740" lon="6.062430">
						<ele>167</ele>
						<time>2024-03-21T08:00:18Z</time>
					</trkpt>
					<trkpt lat="43.239740" lon="6.062590">
						<ele>167</ele>
						<time>2024-03-21T08:00:24Z</time>
					</trkpt>
					<trkpt lat="43.239880" lon="6.063440">
						<ele>162</ele>
						<time>2024-03-21T08:00:55Z</time>
					</trkpt>
					<trkpt lat="43.239950" lon="6.064440">
						<ele>159</ele>
						<time>2024-03-21T08:01:32Z</time>
					</trkpt>
					<trkpt lat="43.239980" lon="6.064560">
						<ele>158</ele>
						<time>2024-03-21T08:01:37Z</time>
					</trkpt>
					<trkpt lat="43.240110" lon="6.064850">
						<ele>157</ele>
						<time>2024-03-21T08:01:49Z</time>
					</trkpt>
					<trkpt lat="43.240120" lon="6.064950">
						<ele>157</ele>
						<time>2024-03-21T08:01:53Z</time>
					</trkpt>
					<trkpt lat="43.240070" lon="6.065100">
						<ele>157</ele>
						<time>2024-03-21T08:01:59Z</time>
					</trkpt>
					<trkpt lat="43.240070" lon="6.065520">
						<ele>156</ele>
						<time>2024-03-21T08:02:14Z</time>
					</trkpt>
					<trkpt lat="43.239990" lon="6.065650">
						<ele>156</ele>
						<time>2024-03-21T08:02:20Z</time>
					</trkpt>
					<trkpt lat="43.239650" lon="6.066000">
						<ele>160</ele>
						<time>2024-03-21T08:02:41Z</time>
					</trkpt>
					<trkpt lat="43.239200" lon="6.066390">
						<ele>160</ele>
						<time>2024-03-21T08:03:08Z</time>
					</trkpt>
					<trkpt lat="43.238970" lon="6.066540">
						<ele>160</ele>
						<time>2024-03-21T08:03:21Z</time>
					</trkpt>
					<trkpt lat="43.238720" lon="6.066760">
						<ele>159</ele>
						<time>2024-03-21T08:03:36Z</time>
					</trkpt>
					<trkpt lat="43.238410" lon="6.066790">
						<ele>160</ele>
						<time>2024-03-21T08:03:51Z</time>
					</trkpt>
					<trkpt lat="43.238100" lon="6.066890">
						<ele>162</ele>
						<time>2024-03-21T08:04:07Z</time>
					</trkpt>
					<trkpt lat="43.237870" lon="6.067080">
						<ele>162</ele>
						<time>2024-03-21T08:04:21Z</time>
					</trkpt>
					<trkpt lat="43.237670" lon="6.067290">
						<ele>162</ele>
						<time>2024-03-21T08:04:33Z</time>
					</trkpt>
					<trkpt lat="43.237590" lon="6.067460">
						<ele>161</ele>
						<time>2024-03-21T08:04:41Z</time>
					</trkpt>
					<trkpt lat="43.237500" lon="6.067440">
						<ele>162</ele>
						<time>2024-03-21T08:04:45Z</time>
					</trkpt>
					<trkpt lat="43.237270" lon="6.067510">
						<ele>165</ele>
						<time>2024-03-21T08:04:57Z</time>
					</trkpt>
					<trkpt lat="43.237170" lon="6.067550">
						<ele>167</ele>
						<time>2024-03-21T08:05:02Z</time>
					</trkpt>
					<trkpt lat="43.237090" lon="6.067630">
						<ele>168</ele>
						<time>2024-03-21T08:05:07Z</time>
					</trkpt>
					<trkpt lat="43.236990" lon="6.068290">
						<ele>171</ele>
						<time>2024-03-21T08:05:32Z</time>
					</trkpt>
					<trkpt lat="43.236920" lon="6.068510">
						<ele>172</ele>
						<time>2024-03-21T08:05:40Z</time>
					</trkpt>
					<trkpt lat="43.236900" lon="6.068840">
						<ele>170</ele>
						<time>2024-03-21T08:05:53Z</time>
					</trkpt>
					<trkpt lat="43.236830" lon="6.068950">
						<ele>170</ele>
						<time>2024-03-21T08:05:58Z</time>
					</trkpt>
					<trkpt lat="43.236800" lon="6.069070">
						<ele>170</ele>
						<time>2024-03-21T08:06:02Z</time>
					</trkpt>
					<trkpt lat="43.236800" lon="6.069270">
						<ele>168</ele>
						<time>2024-03-21T08:06:10Z</time>
					</trkpt>
					<trkpt lat="43.236830" lon="6.069300">
						<ele>167</ele>
						<time>2024-03-21T08:06:12Z</time>
					</trkpt>
					<trkpt lat="43.236870" lon="6.069300">
						<ele>166</ele>
						<time>2024-03-21T08:06:14Z</time>
					</trkpt>
					<trkpt lat="43.236940" lon="6.069170">
						<ele>166</ele>
						<time>2024-03-21T08:06:20Z</time>
					</trkpt>
					<trkpt lat="43.237010" lon="6.069170">
						<ele>165</ele>
						<time>2024-03-21T08:06:23Z</time>
					</trkpt>
					<trkpt lat="43.236920" lon="6.069460">
						<ele>164</ele>
						<time>2024-03-21T08:06:35Z</time>
					</trkpt>
					<trkpt lat="43.236840" lon="6.069550">
						<ele>164</ele>
						<time>2024-03-21T08:06:40Z</time>
					</trkpt>
					<trkpt lat="43.236620" lon="6.069660">
						<ele>165</ele>
						<time>2024-03-21T08:06:51Z</time>
					</trkpt>
					<trkpt lat="43.236340" lon="6.069850">
						<ele>160</ele>
						<time>2024-03-21T08:07:07Z</time>
					</trkpt>
					<trkpt lat="43.236290" lon="6.069920">
						<ele>158</ele>
						<time>2024-03-21T08:07:11Z</time>
					</trkpt>
					<trkpt lat="43.236220" lon="6.069890">
						<ele>158</ele>
						<time>2024-03-21T08:07:14Z</time>
					</trkpt>
					<trkpt lat="43.236150" lon="6.069900">
						<ele>157</ele>
						<time>2024-03-21T08:07:18Z</time>
					</trkpt>
					<trkpt lat="43.236090" lon="6.070000">
						<ele>155</ele>
						<time>2024-03-21T08:07:23Z</time>
					</trkpt>
					<trkpt lat="43.236230" lon="6.070480">
						<ele>152</ele>
						<time>2024-03-21T08:07:41Z</time>
					</trkpt>
					<trkpt lat="43.236170" lon="6.070530">
						<ele>151</ele>
						<time>2024-03-21T08:07:45Z</time>
					</trkpt>
					<trkpt lat="43.236100" lon="6.070640">
						<ele>150</ele>
						<time>2024-03-21T08:07:50Z</time>
					</trkpt>
					<trkpt lat="43.235930" lon="6.071030">
						<ele>146</ele>
						<time>2024-03-21T08:08:07Z</time>
					</trkpt>
					<trkpt lat="43.236350" lon="6.071410">
						<ele>147</ele>
						<time>2024-03-21T08:08:32Z</time>
					</trkpt>
					<trkpt lat="43.236370" lon="6.071500">
						<ele>147</ele>
						<time>2024-03-21T08:08:35Z</time>
					</trkpt>
					<trkpt lat="43.236580" lon="6.071610">
						<ele>147</ele>
						<time>2024-03-21T08:08:47Z</time>
					</trkpt>
					<trkpt lat="43.236680" lon="6.071630">
						<ele>147</ele>
						<time>2024-03-21T08:08:52Z</time>
					</trkpt>
					<trkpt lat="43.236750" lon="6.071950">
						<ele>145</ele>
						<time>2024-03-21T08:09:04Z</time>
					</trkpt>
					<trkpt lat="43.236700" lon="6.072030">
						<ele>144</ele>
						<time>2024-03-21T08:09:08Z</time>
					</trkpt>
					<trkpt lat="43.236700" lon="6.072120">
						<ele>144</ele>
						<time>2024-03-21T08:09:11Z</time>
					</trkpt>
					<trkpt lat="43.236930" lon="6.072520">
						<ele>141</ele>
						<time>2024-03-21T08:09:30Z</time>
					</trkpt>
					<trkpt lat="43.237010" lon="6.072600">
						<ele>141</ele>
						<time>2024-03-21T08:09:35Z</time>
					</trkpt>
					<trkpt lat="43.237230" lon="6.072920">
						<ele>140</ele>
						<time>2024-03-21T08:09:51Z</time>
					</trkpt>
					<trkpt lat="43.236820" lon="6.073640">
						<ele>138</ele>
						<time>2024-03-21T08:10:24Z</time>
					</trkpt>
					<trkpt lat="43.236330" lon="6.074340">
						<ele>138</ele>
						<time>2024-03-21T08:10:59Z</time>
					</trkpt>
					<trkpt lat="43.235920" lon="6.075340">
						<ele>136</ele>
						<time>2024-03-21T08:11:41Z</time>
					</trkpt>
					<trkpt lat="43.235800" lon="6.075700">
						<ele>135</ele>
						<time>2024-03-21T08:11:56Z</time>
					</trkpt>
					<trkpt lat="43.235280" lon="6.076940">
						<ele>133</ele>
						<time>2024-03-21T08:12:48Z</time>
					</trkpt>
					<trkpt lat="43.235170" lon="6.077270">
						<ele>132</ele>
						<time>2024-03-21T08:13:01Z</time>
					</trkpt>
					<trkpt lat="43.235180" lon="6.077590">
						<ele>132</ele>
						<time>2024-03-21T08:13:13Z</time>
					</trkpt>
					<trkpt lat="43.235220" lon="6.077690">
						<ele>132</ele>
						<time>2024-03-21T08:13:17Z</time>
					</trkpt>
					<trkpt lat="43.235260" lon="6.077660">
						<ele>132</ele>
						<time>2024-03-21T08:13:19Z</time>
					</trkpt>
					<trkpt lat="43.235280" lon="6.077440">
						<ele>132</ele>
						<time>2024-03-21T08:13:27Z</time>
					</trkpt>
					<trkpt lat="43.235380" lon="6.076990">
						<ele>133</ele>
						<time>2024-03-21T08:13:44Z</time>
					</trkpt>
					<trkpt lat="43.235470" lon="6.076780">
						<ele>133</ele>
						<time>2024-03-21T08:13:53Z</time>
					</trkpt>
					<trkpt lat="43.235620" lon="6.076570">
						<ele>133</ele>
						<time>2024-03-21T08:14:04Z</time>
					</trkpt>
					<trkpt lat="43.235740" lon="6.076540">
						<ele>133</ele>
						<time>2024-03-21T08:14:10Z</time>
					</trkpt>
					<trkpt lat="43.235840" lon="6.076560">
						<ele>133</ele>
						<time>2024-03-21T08:14:15Z</time>
					</trkpt>
					<trkpt lat="43.235960" lon="6.076660">
						<ele>133</ele>
						<time>2024-03-21T08:14:22Z</time>
					</trkpt>
					<trkpt lat="43.236360" lon="6.076840">
						<ele>134</ele>
						<time>2024-03-21T08:14:43Z</time>
					</trkpt>
					<trkpt lat="43.236440" lon="6.076840">
						<ele>134</ele>
						<time>2024-03-21T08:14:47Z</time>
					</trkpt>
					<trkpt lat="43.236430" lon="6.076790">
						<ele>134</ele>
						<time>2024-03-21T08:14:49Z</time>
					</trkpt>
					</trkseg>
				</trk>
			</gpx>